7304960241199140338,David,Pablo,
6284458353897511941,Kenisha,Angla,
3599467119399063577,Carin,Shannon,
404075015191293417,Renee,Michael,
7914160732195878743,Ashley,Kathryn,
8185749813121810688,Jules,Kenneth,
8415148716178581264,Stella,Christina,
1116791121491597243,Sandra,Paul,
8211790727339372160,Mary,Mark,
6315408760831627759,Kenneth,Mike,
5243759651387705365,Dorothy,Ray,
7302702623974351382,Melody,Brandon,
592887137347107794,Billie,Tara,
4069824692201061388,Robert,Raphael,
1608256678392329412,Noemi,Thomas,
3538699614545648134,Marie,Arlene,
2054029454317524870,Daniel,Albert,
5676367805002523632,Jerry,Patrick,
5292029048891881915,Marilyn,Mary,
7635148020940076317,Shannon,Charles,
3088446311837691211,Albert,Victoria,
942798886826883159,Jerry,Jimmie,
878717465917827110,Billy,Lloyd,
1350673108567579352,Christopher,Donald,
8238974222039529449,Mindy,Ruth,
7024739606618745335,Joseph,Amanda,
380285796235383449,Lelia,Claudia,
962435412999793481,Eric,Christine,
454969544603225410,John,Joseph,
2876348346510868552,Edward,Michael,
5730269334972464814,Deana,Nicholas,
5006998596947338314,Michael,Mike,
6130972636850727676,Charles,Jessica,
5445837650701219803,James,Robert,
5964138028557803899,Sandra,Edward,
2007630893606859350,Patricia,Jennifer,
2004543432306153976,Mike,Clarence,
6730537556145852021,Roy,Charles,
287885785386852193,Mildred,Cindy,
5625870370334329226,Linda,William,
3202037820508735115,Yvette,Michael,
5586101702023760766,Randy,Terrence,
8151159759938797340,John,Carol,
5214177622296442596,Linda,Susan,
3210487321469965112,William,Helene,
4436291673229491678,James,Frank,
7801279062153283823,Maria,Javier,
5605143501993887260,Scott,Neil,
2950463430077890791,Phyllis,Barbara,
4915000506762939924,Patrick,David,
5679371452065780070,Jose,Daisey,
7058559945461752314,Patricia,Matthew,
1893640736363351643,Philip,Kim,
7769661922599816709,Iris,Richard,
3888404104446229090,Annette,Margaret,
2835047818091417960,Harry,Douglas,
5921730796428158880,Kevin,Kimberly,
4150703852936307846,Keith,Kristen,
7897348615615465842,Bonnie,Nickolas,
7626329975487360141,Patricia,Lorna,
794707865524482759,Lynne,Leroy,
6133515258128930263,Rodney,Lelia,
5144638085631643505,Dorothy,Perry,
3505954133217479676,Jason,Genevieve,
3640853907603113856,Christopher,Scott,
6608197056871128850,Ashley,Eduardo,
2894938917589254257,Emma,Patricia,
7848487830555878368,Carl,Nick,
1056513847146292572,Robert,Eugene,
8350660005376587929,Juanita,Stacy,
6310851555138011766,Melissa,Jim,
17376565224181424,Russell,Summer,
378932086649744040,Kristi,Donald,
2667534296551748445,Violet,Mary,
7978875459502406303,Bill,Christine,
3978684492591755706,Jerry,Jean,
6675230738181025522,Charles,Susan,
246346558039970954,Maria,Catherine,
7634291398857134543,James,Romaine,
6148833907783133634,Tracey,William,
5997867054331693856,Gail,Pat,
7898893819914578522,Starla,Raymond,
8423015793103741679,Cynthia,Matthew,
5129877888556488414,Polly,James,
1342513789996957238,Michael,David,
7586407470848879661,Marie,Janet,
7654580297677046240,Geraldine,Alice,
2059982213184718224,Lucius,Lynn,
6830018579093220650,Scott,Connie,
3296683704439220639,Edward,Whitney,
6115621506985855608,Darryl,Ned,
7939674454603222372,Daniel,Lue,
1411883741465487401,Alice,Christine,
5758396388911328317,Lois,Willie,
8211992389505380431,Tara,James,
7963301507029428156,Erin,Isaiah,
4271600396890161129,Tommy,David,
2317268701825267254,Branden,Johnny,
4916421582644288999,Marth,Charles,
209700208831657590,Mary,Larry,
7496279778088273918,Dorothy,Harrison,
6470368006602404694,Ellie,Philip,
8424573630769459031,Dean,Valorie,
4229547577256163126,Peter,Esther,
4257116267925265806,Curtis,Chad,
2134765941884985810,Luis,Laura,
5255116629725407597,Charles,Ezekiel,
2767399047600600918,Elliot,Jerry,
5861078565698911490,Barbara,Susan,
612268929739619248,Luis,Aaron,
2339583634971178054,Muriel,Naomi,
2057477280739294495,Wanda,Richard,
6990541667670444100,Delores,Romana,
6251211965045994961,James,Polly,
6654715845698754654,Debbie,Angela,
4499070062940128702,Keith,Thaddeus,
7005621389309292956,Troy,Lois,
2674600359389533992,Jackie,Alma,
7361514299363264991,Wanda,Keith,
652266613686460304,Beatrice,Abigail,
6163077065983257299,Charles,Traci,
7736650579498594416,Gary,Katelyn,
8469267633975160938,Gordon,Jacob,
1655279260351370903,Michele,Erika,
672339085288700282,Edmundo,Muriel,
7980807250580457733,Velma,Brenda,
4913770985366073823,Elizabeth,James,
2443034574139363188,Linda,Robert,
5983937675127541685,William,Paul,
1054020508867034403,Gregory,Jennifer,
7144351165575416589,Teresa,Joyce,
3959684971764967076,Alice,Ashley,
6418358181332128597,Michael,Monica,
342707257548446457,Jessica,Steven,
6656689028455657074,Aubrey,Samuel,
1669985950694033190,Sharon,Sheila,
2129374763275872708,Debbie,April,
2029706200071471713,Gina,Jay,
1285408345241937350,Sylvia,Robert,
5269783394038735735,Stephanie,Beatrice,
5380267456836760274,Nora,Willie,
4470308846114988747,Anne,William,
8121772392869530827,Ivonne,Amy,
2645522621556009492,Wanda,Raul,
5809045637418164097,Carolyn,Jason,
8408474870630550391,Charles,John,
3220047819615159480,Rodney,Pat,
8374852137831851823,William,James,
4493420167305637663,Beverly,Lauren,
5061282247258342198,Clarence,Linda,
2473317010105026170,Ted,Frank,
1208463758382396877,Edward,Candy,
3895037845333089426,Tom,May,
1207191464708122675,Karyn,Kenneth,
104581184634448519,Anthony,Carol,
2404514923770209894,Beverley,Carlos,
4633205771423546822,Anthony,William,
6138501380647077867,Mary,Lewis,
3905969427792801837,James,Steven,
8003085514336114814,Herbert,Robert,
523905113720980645,Marilyn,Guadalupe,
3767139897445793442,Michelle,Ashley,
8029879205498734344,Olga,Julia,
3840469139905565597,Scott,Dana,
7204668158857416584,Linda,Jill,
7661677948649101739,Karen,Brandon,
4466565010683295112,Donald,Mary,
2010625682224128849,Carmen,Julie,
5401386966065400335,Tina,Gene,
630986183309650008,Adrian,John,
4347191580477975271,Edwin,Alice,
1011063633542580941,Daniel,Louise,
6496136751852171297,Justin,Gretchen,
3521500698024872596,Valerie,Paul,
3992687393738027914,Frances,Edwin,
1359944238894454672,Betty,Judy,
283371083040159181,William,William,
3119726874827331090,Clarice,Jason,
3545464287647096902,Danny,Paul,
3272022390825103580,Sherry,Kenneth,
3031929561424410641,Colleen,Susan,
7585726241420238078,Mark,Christina,
462756491232891158,Eve,Linda,
7088079401315896970,Delores,Steve,
101958003891048494,Kendra,Peter,
7767484381348437267,Elizabeth,Joseph,
8044574938290391379,Peggy,Antonio,
4031462125732287539,John,Adam,
6075412572719953762,Ruby,Estelle,
7053185497826960606,Rebecca,Andrea,
826430435142946577,Walter,Evelyn,
115547441846925186,Don,Richard,
6205351092288336942,Carla,Lisa,
6768623731270183399,Yung,Eric,
547838807068618499,Gerald,Ryan,
6373835244233068982,Billy,Henry,
4885146573220550674,Erich,Luis,
5316688202941514027,Willie,Joe,
4076539132475215679,Ralph,Roy,
8326680675977795167,Eugenia,Emma,
4999096235359057591,Ryan,David,
304508922279082287,Harry,Kim,
7676806999294809714,Jesse,Jacqueline,
1183238803691900069,Danny,Travis,
1065544563487164781,Inez,Norma,
5991159658556210207,Dawna,Caitlin,
6330598302237143259,Traci,Anne,
10412193796201177,Scot,Stanley,
6279580694200485605,Christine,Robin,
3714445867623327648,Daniel,Robert,
7051090179045867201,Juan,Alex,
5394308180222626654,Douglas,David,
2669195430546898858,Marcia,Stacey,
8212074428890583965,Mabel,Evelyn,
3697172615308408286,Kristi,Pam,
7477327618273185085,Eric,Margret,
8211915985080426690,Benito,Jon,
3013207962757623198,Milton,Patrick,
1525597127552798697,Corey,Raymond,
7774956526295177747,Steven,David,
4482242970566207513,Pearl,Michael,
5222344742725327946,Charles,Kia,
179432188280216079,Victor,Laronda,
393080978095193296,Kelley,Kenneth,
882745215254694735,Hugh,Leanne,
8260784475715023041,Anthony,Christopher,
5202138161876505729,Kristi,Patrick,
3292118249244605398,Marco,Rosa,
5724658633217951894,Antonio,Christine,
6977329352667149871,Jeremy,Ricky,
56436661895576076,Jimmy,Albert,
7282159452935951534,Wayne,Christopher,
1362295710038101494,Gloria,Teresa,
1143003173859737674,Terrance,George,
3150506374102017736,Ruth,Mark,
4995371861859733663,Manuel,Michael,
2690957290271283452,Brenda,Joy,
3132576423218428517,Jackie,Raymond,
6895065789309681970,Earl,Paul,
1919317235318605477,Angela,Paul,
6515159103779586282,Randy,Richard,
7793900323845923885,Rob,Michael,
1140912946737475784,Jeni,John,
3735571072365339384,Joe,Jonathan,
8246002033801716758,Luther,Anthony,
1992901923069440817,William,Leisa,
5545334198073190505,Joan,Dinah,
412753732627774746,Carlos,Mary,
8338560080057484483,Robert,Jesse,
1277841573690587872,Kevin,Marina,
7311265921013684705,Mary,Ingeborg,
762217774143741303,George,Daniel,
6987810031416274149,James,Ana,
947729072991732539,Alfredo,Kasey,
2586865951720130161,Roberto,Abbie,
8165583905689663976,Eileen,Juan,
2961505483165527153,Joseph,James,
1501140821601742547,Judith,Thelma,
7837341947038472945,Edward,Gladys,
1541815749071500354,Gerald,Willie,
3765944819756922408,Raul,Patricia,
980021482795381349,Randi,Garrett,
222575157348409825,Michelle,Janice,
4225882710719000099,Dianne,Jaime,
5307440512042461424,Jane,Eric,
4593049984830986011,Jin,Linnea,
2814948922777022448,Jeanette,James,
7872613877135896321,Carl,Nick,
3579798652551795388,Marlene,Mattie,
308498509255803547,Joseph,William,
7804410433701225636,Jose,Jennifer,
8156969999102770727,Calvin,Larry,
5542339005082550411,Theresa,Jennifer,
3211942196193690184,Jody,Rebecca,
2966527166969810844,Jesus,Sherry,
5065314142028698336,Leonard,Charlotte,
8171730242968890021,Karen,Marlon,
8167501474191441581,Lori,Claudia,
1133360525792092077,Catherine,Lupe,
484880678406780679,Albert,David,
5961108757077615343,Tommy,Carolyn,
7992312047478560621,Peter,Nicole,
5319685645289719181,Maryellen,Howard,
7509058448620480670,Neil,Henry,
5444265049910597688,Dorothy,Thomas,
8104563577376252203,Elbert,Carol,
3344106559631466119,Marlene,Kendra,
78229005543084679,Therese,Marion,
5725718838156838361,Belinda,Jose,
3418739901518127278,Suzette,Tina,
7158822240714425625,Billy,Reggie,
7470394424386668330,Deloris,Janet,
7125963128333661927,Esther,Laura,
4589891969920651560,Barry,Agnes,
3840192321700393149,Nicole,George,
2100462753813576165,David,Nettie,
2751800542244463018,Hunter,Jason,
7851803166381020174,Gary,Emma,
8446839889347610819,John,Michael,
3270249360805574878,Kathy,Francisca,
8213140429875530434,Alice,Lisa,
7384095619451931188,Sue,Jean,
247095423320738285,William,Warren,
2593759307708706631,Crystal,Patricia,
8287913191719220936,Bette,Joy,
619779762225707150,Geri,Jocelyn,
5791183126044762455,Dante,Dallas,
777398894836648340,Rose,Thomas,
8446699712191188148,Ricky,Mary,
4242651823658190750,Heather,James,
2018306726016138716,James,Guillermina,
4258975494120963297,Priscilla,Donald,
4654835585764187816,Freda,Thomas,
1736441507783317194,John,Cody,
5368747551209558276,Maurice,Rosie,
4448167765076983358,Damian,Helen,
5246930882140186660,Janet,Marvin,
2460631983793046895,Erica,Ellen,
2314087400720869214,Peter,Edward,
312727272953925417,Robert,James,
8100506157963559041,Jeffrey,Joanne,
4185385294073565562,Debra,Cory,
179660587210106781,Virginia,Melissa,
4367342829357566131,Maria,Jewell,
5222060021551365789,Andrew,Amanda,
8049140532383419460,Lorenzo,Joshua,
6718415026093238482,Ruby,Donna,
7524100429315275764,Vilma,Whitney,
2063716351830434604,Edward,Debra,
2067985849154026439,William,John,
4642005992685787756,James,Maybelle,
6696113057316431223,John,Freddie,
301827146497867259,Jeffrey,David,
5070768940670845419,Edith,Patsy,
5679427032611008879,Jay,Christina,
6849969917912297085,Annette,George,
2329114430642723200,Thomas,Frances,
981049444416106396,James,Shelba,
1316540791313672955,Frank,Laura,
5030057577054529390,Maria,Lisa,
1883395212731167632,Nina,Philip,
998268632908138670,Rudolph,James,
1032082249956293036,Steve,Cynthia,
2929539219067085333,Robert,John,
700037178222155468,Jimmy,Beth,
2411910705468909640,Joan,Hilda,
3090145003645632978,Everett,Donald,
4588046717930405655,James,John,
7797355801964964397,Ana,Catherine,
309661347420598059,Pamela,Norman,
7565950505213157443,Lisa,Allen,
3527462826024787949,Louis,Richard,
7991711661982358267,Lee,Heather,
6337687548852484567,Kim,Cynthia,
2940277997205168004,Mary,Ross,
188265503238609927,William,Leonard,
7250954907901243798,Teresa,Maria,
8476807109101521135,Janet,Katherine,
298726554708092011,Claude,Michael,
2405925484267553277,Maria,Billy,
4667645199015011365,Roy,Catherine,
3770272279742455187,Joanne,Eric,
4792435217420378152,Lee,Danny,
6425578208551286860,Terri,Judy,
5062970107895165832,Maurice,Byron,
7635503005084954883,Floyd,Cecelia,
786299771997421448,Josephine,Emily,
2147061030601143813,Donald,Gary,
3135549686049973593,Walter,Ronald,
7476098565822559367,Thomas,Jeffrey,
4007832114824139760,Kathryn,Christina,
8388008599985123850,William,Terrence,
1914495963794553895,Josie,Doretha,
3189626540036963836,Jessica,Teresa,
1162960455400047896,Edward,Daniel,
663744451846943470,Patricia,Jennifer,
4038860106006056866,Forest,Bethany,
7642449734517039702,Seth,Socorro,
4795058903366946138,Alan,Colleen,
8099698951449863362,Margaret,Howard,
4200094743049635024,Elliott,Molly,
154267434740290646,Christopher,Renee,
7747238256918030665,Margaret,Everett,
7483451346258786033,Adam,Peggy,
4422059501996886689,Leatha,Monte,
4549490652213243855,Catherine,Meredith,
647796998944246814,Roberto,Ryan,
3452656555703783667,Robert,Kristen,
7322070837188741789,Aleshia,Cecilia,
2844768236111742381,David,Carlee,
6510872407297373286,Thomas,Darline,
2453957955324198567,John,Lisa,
3231186072038823182,Cheryl,Fred,
4002331842779218659,Randy,Robin,
7191802825091728333,Denise,Candelaria,
3553821862960576337,Gary,Jacob,
6659236556751278032,Lawrence,Joshua,
5712316489544422496,Randy,William,
1733660599644237594,David,Patricia,
2068026484694998281,Tonya,Brandy,
7475982508478144980,Robert,Van,
1756557482221829301,Maureen,Patrick,
5799799839344205153,Stephanie,June,
2387994640833771346,Rafaela,Mireya,
8148821758689721670,Anne,Emma,
1271026866182032107,Leslie,Donald,
7019523373233114221,Douglas,Larry,
2369263799408049872,Christopher,Rita,
3593615702491572155,John,Timothy,
8401277382351565292,Alexander,Nestor,
1545613550643157076,Gerardo,Jared,
1243561575015088555,Yadira,Marie,
5783772956560571303,John,Robert,
7628406020133117124,Charles,Irene,
7964674889363881141,Patricia,Pearl,
4606953355894176676,Robert,Matthew,
2871122485228770760,Sylvia,Theresa,
3111455304395171782,Sarah,James,
3196677366422066281,Gregory,Jonathan,
2520253804860333430,Maria,Shirley,
6949606982853468523,Katherine,Mervin,
7400790424293619423,Robert,Ernest,
7344453542926067420,Dennis,Dawn,
2239284430543464428,Betty,Calvin,
4957826292975439254,Gary,Chester,
989285251449369715,Benjamin,Jeff,
8152174853619606040,William,Jerome,
3804541295272687192,Pearlie,Jane,
1857657722845302438,Kelly,Matthew,
6820920367719180068,Robert,James,
726530568270560721,Ida,Marsha,
4105210242982870058,Juanita,Patty,
6602347683520651584,Francis,Michael,
898167959318268035,Janet,Edward,
2842552430017993833,Brian,Charles,
3556327986537870912,Casey,Brain,
7362958072619243484,Paula,Mauricio,
5036221456287919448,Glenna,Cody,
6947224469214081808,Tatum,Tamara,
324733791310466065,Mark,Douglas,
1496797592741945158,Carlos,Adam,
5196998284036503158,Patricia,Michael,
8401678383148998378,Bryce,Kelly,
5467420994346779255,Terry,Gerald,
3983626654151236147,Dorothy,Miguel,
207190568504870703,Lillie,Jack,
7618247230192184895,Charles,Misty,
7357632943394930417,Lita,Addie,
6496493431203545832,Michael,Richard,
4798293333708642203,Julian,Linda,
2557966878250469638,Susie,Kenneth,
2927367704918101278,Kelli,Fredrick,
3160015304144329773,Bernice,Richard,
1657457420597965126,Matthew,Jessica,
4382487804064317134,Julius,Melissa,
6908090736692390327,Debra,Karl,
1953892186480946852,Frederick,Phillip,
3502096481158951743,Miranda,Paul,
6147296428726543662,Sara,Christina,
4060606425605566865,Carla,Richard,
4843525588995452489,Mike,Justin,
6236935799076071653,Brooke,Gary,
4094447639346950759,Houston,Lawerence,
3361019502177718410,Leticia,Joy,
3825353206516571883,Rosalie,Peter,
1412348669505806859,Leanne,Kenneth,
7748160905312984412,Martha,Marybeth,
617574753928645579,Donald,Deborah,
1379292392333654385,Whitney,Jimmy,
5237303197089630722,Troy,Ruth,
7289850173308821901,Anthony,Robert,
3091877535506409000,Sam,David,
235813925572995957,Edwin,Stella,
7117088275848062256,Heather,Nicole,
8533846672523696521,Lillie,William,
5885362428499791068,Jerry,Kenneth,
6645327583435679472,Helga,George,
4419775673428418988,Fannie,Casey,
132335612999165585,Lorraine,Jennifer,
7696420273988865338,Jacqueline,Harry,
2384867006790990804,Alexander,Mable,
4019551101011128945,Melissa,Erna,
8256715449168538671,Joseph,John,
3557156296813516306,Patrick,Gloria,
2246960896659282741,Stephen,Lia,
3459701396778498827,Nora,Bennie,
3235712792107165253,Teresa,Paul,
2417762317303618163,James,Lise,
663780913772708591,Catherine,Patricia,
4844668133961316103,Tami,Julian,
8155088013424027815,Maryann,William,
4882208590732608748,Christopher,Glenn,
6435950342940614829,Dana,Stephen,
3885256280715260944,Mervin,Anthony,
2386955053738117980,Stephen,Mark,
906783413797419730,Mary,Susan,
5305412919532793432,Milton,James,
2804209372435559248,Douglas,Samantha,
4259010704564501317,John,Daniel,
3117635356805827067,Charles,Carey,
2204767603520696708,Bernice,George,
6135037392432203872,Angela,Jenifer,
7283913906188046736,Jessica,Larry,
3178752143909961143,Willie,Sherrie,
2941795220091654671,Joseph,Marcus,
4290226025101504096,Nanette,John,
815720193726276279,Patricia,Debra,
1716652903789932454,Brittany,Timothy,
4375004173542624392,Lillie,Ryan,
4875826740899449377,John,Gretchen,
4989130485681950475,Lilia,Lavonne,
8447760680863540174,Marvin,Robert,
3288084152931755692,Sharon,Byron,
2002478377196231478,John,Jean,
5463132854714413852,Fred,Daniel,
25404575945088440,Shirley,Claudia,
784877863446411339,Marisol,John,
2047695262936971087,Albert,Bradley,
2318481535604757817,Donna,Richard,
8319929547282172433,Kaye,Grant,
8113814052856282873,Donald,Vicky,
5024302473341651849,Michael,Darren,
1649288139241649569,Joyce,Lori,
2036995329822210468,Willie,Patsy,
311671140775805788,Charlotte,Natalia,
514980669972765441,Stephanie,Ruth,
2781808227031319015,Marla,Louise,
3845925228688298880,Jess,Linda,
7709697415709548942,Nadine,Gloria,
4513166763442392233,Mary,Sarah,
5074049198361602850,Mary,Calvin,
648343287140848337,Lisa,Nellie,
2109058327912457895,Roy,Robert,
4627680951959025441,Gary,Jason,
7014380690037015670,Matthew,Amber,
4222768726999391311,Enrique,Mary,
7526753675845263440,Norma,Donna,
1086638456022818408,Andrew,Leslie,
3448231950288548897,Phyllis,Thomas,
2712048650082603330,Anna,Robert,
1206842406729086103,Carlo,Alla,
7225061463575288913,Craig,Donald,
7348097585763258845,Jack,Nicole,
3140576131093392186,Mario,Carolyn,
2833835657337518792,Nicholas,William,
1076199651336662774,Donna,Jarvis,
4053967295921864772,Bruce,John,
2637678765003644448,Letha,James,
2675614062989226610,Harlan,Loretta,
3436663641132513596,Linda,Katharyn,
7276720205725142486,Kimberly,Leonard,
7706629384967822876,Albert,Katrina,
6741320132571529030,Timothy,Gladys,
7001601491530804329,David,Tammy,
5880500072441319555,Brenda,Linda,
6916628950443340783,Wayne,John,
5352303853638253073,Elizabeth,Else,
7226381025679257989,Francisco,Roberto,
5745408681804680225,Henry,Timothy,
4163223982349639070,James,Robert,
982246197372658100,Kevin,Joaquin,
8495473554849285075,Josefa,Alice,
5342731226333900522,Timothy,Charles,
4977458171226487254,Tonya,Margaret,
6458938226270813900,Leticia,Richard,
1803491999282238860,Calvin,Angie,
3986153162921053283,Serena,Iris,
5544372368694461871,Denise,Marilyn,
8188133293427926289,Kris,Ashley,
7051949732735862887,Herbert,Craig,
6097328208941484029,Tiffany,Vickie,
6770254557940120165,Alice,Willie,
1496485945081781644,Allen,Bonnie,
7361545083111327131,Amanda,Carl,
6790707014392092859,Lidia,Ronald,
5733150552579108414,Ronald,Joseph,
5685336493516458038,Samuel,Josefina,
6740906028822602127,Victor,Michelle,
4701920157872226578,Elizabeth,Holly,
5042589206228228195,Angelo,Faye,
1642459876549710027,Mary,Mark,
7908376631289709789,Gregory,Manda,
7035868313900828843,Vivian,George,
8395334767637142305,Mark,Fiona,
6464111816104835388,Mary,Robert,
4115556277304649,Edward,Bonnie,
559760303697646874,Ola,Mario,
6771000903373082444,Sybil,David,
8330629132326576823,John,Paul,
5747841569926990893,Michael,Jodi,
2602331352545495093,David,Clyde,
1218916716295869074,Maria,Leon,
2960317464985847480,Eddie,Albert,
6578072657840195368,Deborah,Noel,
3670520548601437626,Derrick,Craig,
1654577804718667600,Terry,Benito,
3890600698629328994,John,Mark,
5175668818541795124,Roger,John,
3183036182486743787,Theodore,Latisha,
3494248725011638276,Bonnie,Gregory,
3453034494247739277,Claudia,Joseph,
1503718742241121950,Dorothy,Carolyn,
896165409081085706,Scott,Marion,
4812873205468310234,Raymond,Thomasina,
3851331824227107921,Gary,Tamara,
7113729839945538409,Myrtle,Rose,
6703181770554716868,Jennifer,Ruth,
4426236660352145285,Michell,Christy,
8365330892167031987,Dawn,Robert,
5196948687363414414,Ethan,Dolores,
7978909851772934592,Marsha,Anita,
5561916776734501716,Donald,Tara,
3221658817929884412,Harley,Anthony,
1922386390975951470,David,Melvin,
3629800682538230897,Geri,John,
4063618787445462044,Martha,Deidra,
3166233541680510390,Hubert,Matthew,
2153197542341638926,Kelly,Florence,
7822486686389299610,Grace,Suzanne,
2060100981093078765,Bradley,Mackenzie,
4094115034142263742,Vicky,Marie,
2969973237258077297,Sylvia,Carlos,
2665988751898307556,James,Esther,
3419275679155601968,Mildred,Diane,
2709049609217945864,Tina,Nathan,
8126886399646281211,Brandi,Pete,
2428170255772593736,Terry,Margaret,
2283228242095358371,Johnny,Gary,
2371274880403125484,Betty,Horace,
3193098147179986031,Jessica,Jacob,
3509282890749279567,Cynthia,Joseph,
1772038346053463381,Patricia,Joan,
6910618907236422357,Nickolas,Julie,
779156848326963259,Laurence,Gerald,
5188880530987947327,David,Travis,
680285603546187871,Melisa,George,
3794350048345789299,Raymond,James,
6840110692711918466,Vicky,Allen,
3940844701140861700,William,Charles,
429669885340922454,Jay,Deborah,
2783039656024695930,James,Richard,
7449629783825491372,Ruth,Pamela,
4254315827109574976,Alice,David,
161925784611987815,Nathan,Marcelina,
2967309306154500018,James,Ron,
6482913709964749450,Angelita,Ana,
4110682136295158359,Andre,Gretchen,
6822213921461636512,Dwayne,Debra,
5966530070455013163,Milton,Michael,
8096321453094793435,Wyatt,Gary,
869144053987509888,Gladys,Josephine,
383223673546487743,Rodney,Evelyn,
4770077064512568272,Denise,Daniel,
3762299602494063246,Robert,Mark,
930601870336045509,Sonya,George,
376618964942391062,Thomasena,Timothy,
4992472379877876433,David,Everett,
6928133382280180916,Michael,Rebecca,
8493131487977613559,Bethany,Luther,
4035821547144467461,Edna,Gregory,
642874488156977448,Joe,Wallace,
136337296145744016,Clora,Ervin,
5177594884008212479,Timothy,Guadalupe,
3782571412763121605,Carolyn,Catherine,
848434999663452030,Bonnie,Wanda,
3695308659903547392,Holly,Micheal,
923889832345965437,Sharon,Charles,
8440283317923452210,Todd,Joan,
7274984247985597449,Michael,Laura,
6310795528787384432,Michael,Ruth,
7545987651722459542,Sandra,Christine,
7285889186423943097,Sonia,Betty,
1159490857066127185,Elena,Charles,
6470512512449010280,Donna,Ashley,
8559987767763658719,Herbert,Edward,
3556067010328963243,Patricia,Nathan,
4493757474349036151,Myra,Mary,
4767106888469649056,Nancy,Dana,
1377914607315784515,Elva,Edward,
638450037697405458,Gisela,Blanche,
7436187536335402587,Robert,Perry,
4807373067099358463,Giovanni,Daniel,
8043894562947862028,Maria,Amanda,
6027669413484864446,Keith,Lawrence,
309779389017903290,Willis,Wilson,
2912741428305966610,Thomas,Calvin,
2625376286637961222,Dirk,David,
1276410998502074008,Kay,Steven,
3073538280854987427,Manuel,Leonard,
8420784242944738817,Bruce,Emily,
4588441924113748732,Stephen,Kyle,
5843123342426383449,Paula,Leo,
2371902164794347672,Ricky,Willie,
4211678244257405423,Betty,Bruce,
6504687593005498518,Janet,Brandy,
4852354807272828640,Tammy,Oralia,
4723180176818034357,Greg,Sara,
6366248548228148119,Steve,Dwight,
274982045578288936,Elizabeth,Mary,
1458363216139245780,Helen,Peggy,
1923454971476769587,Howard,Norma,
5650312570525843767,Melissa,Kathleen,
1912421776206211412,Robert,Brian,
6883739468267926207,Gloria,Anthony,
7561594100264919490,Christine,Karen,
7038333592447444436,Herschel,Jessica,
4749532384421177245,Scott,Lenny,
7517389050206237588,Tammy,Matthew,
3585862741242859388,Robert,Melvin,
194798167025069108,Cheryl,Tania,
6399026545480507275,William,Anna,
3784431691765536242,Randy,Gregory,
4065535935253508574,Santiago,Cory,
2202186385518829662,Valencia,Pam,
5551384642626780700,Bette,Myra,
2334738930130735181,Steven,Mark,
7996746779605166650,Yvette,Eric,
2493977383725470134,Russell,Meagan,
6055543476034849286,Beatrice,Leslie,
3006228435699065260,Joseph,Brian,
396638758929658782,William,Kathleen,
5376959823093201936,Dianne,Irma,
727413486183748999,Jerry,Doug,
5238889397076515040,Kristin,Alfonso,
3044825872237509955,Eva,David,
5819628077465846460,Leana,Robert,
4350807018721117781,Deborah,Sally,
2998229772907294913,Helen,Carolyn,
8456062314524374491,George,Royce,
7461290849459568360,Millie,Mary,
3791747751929778641,Charles,Melvin,
3731719952601253753,Marion,Steven,
3894997691076426372,Phyllis,Thomas,
5639923109983797818,Mary,Mark,
4492694227525294205,Eugene,Adam,
6477194043363739132,Maria,Ruby,
6054212652301211668,Dewayne,Charles,
283895356914761678,Stacey,Jack,
4134414781308705684,Stephen,Ignacio,
7834050609757254048,Michael,Robert,
5265004013427537454,Bridget,James,
3448358957953377597,George,Charles,
489770767635913479,Patricia,Pearl,
2620521052301513443,David,Debra,
685476061480147683,David,Daniel,
7178214183952080565,Judith,Tommy,
6537345264533729238,Mary,Ramona,
6547910064372071090,Marc,Harold,
8044659208218756545,James,Alma,
899906722783495622,Emily,Nancy,
2125404814291267335,Darleen,Graciela,
6857803922924640949,Wendy,Wesley,
5554468642571302229,Carolyn,Valerie,
3473758981935567283,Denise,Greg,
6672669823043396782,Regina,Iva,
6381809136967218894,Sharon,Shawn,
1501366003549221824,Gail,Russell,
4748395240005105378,Michelle,Robert,
680946883762289804,James,Lisa,
7150253649133940946,Rhonda,Barbra,
3981431499747981250,Gerald,Mildred,
5434100313197510849,Alyssa,Edith,
6552079762069846604,Dona,Matthew,
4054782471078324424,Stephanie,Mary,
6346663639876584602,Matthew,Herman,
6163342906800510061,William,Myrna,
5431351355706676011,Lavonda,Laurel,
3442684540405462812,Ross,Joey,
5405781415768703663,Adrienne,Adam,
666870110062323303,Pamela,Jean,
6858008771201570335,James,Jorge,
5099908181863723146,Marie,Terri,
1434081062499730940,Aaron,Brandon,
4445168316798845403,Anthony,Jessica,
3025697077592090221,Hazel,Lillian,
4974268418608749976,Elizabeth,Clifford,
7085020200354361216,Demetrice,Ellen,
5213596885845150419,Dorothy,Charles,
1094180525026984458,Maria,Lewis,
5448564347975898299,Kevin,Irene,
1230778659856941806,Roosevelt,Rodney,
7263831983228272266,Elizabeth,Ruby,
7515568303226991916,Angel,Diana,
7036600051770864752,Aaron,Lonnie,
7493013576177504101,Chandra,Richard,
1060031943577491615,Victoria,Krysta,
2196396459071595881,Alfred,Linda,
3784070326860537145,Jonathan,Rebecca,
5375936075877991782,Doris,Tamara,
6633255017770596760,James,Jerry,
6830725745088201920,Leslie,Robert,
8337256055769320648,Melissa,Beatriz,
7772808618815351039,Martha,Virginia,
835488530324719234,Joseph,David,
463926233804834378,Michael,Rosa,
340878723298929257,Michelle,Janet,
6405324577510385708,Sara,Michael,
2674598298307740107,Tina,Michael,
3453270618205935788,Lester,Christine,
5580145183690201812,James,Monte,
8295984823561653683,Christine,Sharon,
3872018687089861612,Julie,Joshua,
2571977639720453439,Kenny,John,
2049718591095672548,James,Joseph,
1531046061149437342,Jamie,Rachel,
2905092141058621711,Richard,James,
473157619624183883,Vivian,Cecil,
2025288254558113267,James,Tabitha,
1188283024698353354,Inez,William,
601735520877949882,Jamie,Tracy,
6225662682461515755,Waltraud,Andrea,
1528138274844025795,Rachel,Everett,
4985391247512574902,Pamela,Consuelo,
281868212409919921,Martin,Michael,
2816914167299321719,Virgil,Bettye,
2417920814898625765,Norman,Thelma,
1675745519859792355,Justin,Orlando,
4099115538145511441,Rene,Edith,
6840278580018635776,William,Scott,
2538655612208774335,Jeff,Jacqueline,
5479149093940228556,Sandra,Laurie,
354412118456723055,Eliz,John,
5649184633898342007,Sabrina,Michael,
7375760139223657605,Stacy,Christopher,
3943700035548659214,Ruth,Eva,
4158401758234327622,Peggy,Helen,
5905733992534281814,Anne,Eleanor,
3512670033756932364,Buck,Antonia,
6339589440786113920,Nathalie,Donald,
3854839021818729954,Steven,Edith,
1598615726447508340,Cheryl,Kevin,
6926896785617127315,William,Debra,
5927756628892994599,Susan,Marvin,
8115034858440884882,Alma,Scott,
3545608177170135523,James,Cruz,
8232277508364229208,Frances,Andrea,
8553792164417711130,Dewayne,Ralph,
1113894747630465203,Annie,Austin,
4574158543183908998,Brent,Frances,
7988456209319911991,Maria,Delma,
180964865275849764,Donna,Bruce,
5980233730590852940,Judith,Vince,
1705919760535999096,Robert,Angelica,
6619572822467166566,Gabriel,Maureen,
3738839505498354302,Christopher,Angie,
7845380427372027899,Emma,Brett,
3951179793251788582,Matthew,Clinton,
93769997840948752,Vera,Dona,
4718564830343571205,Mary,Cathy,
4745008607531286302,Mildred,Michael,
4763166994374398210,Kevin,Anne,
8513365242426806067,Lucille,Rosemarie,
8253784960795641299,Joanne,Cecil,
4347598518837182442,Vicki,Marvin,
6087537941864704297,Martin,Jamie,
4677978822944377946,Brenda,Bernadette,
5794915747265398515,Theresa,Delmar,
1441110010221661122,Woodrow,James,
7646544852004362551,Albert,James,
1507083462574670520,Rodney,Phyllis,
8541956189952712458,Vanessa,Maria,
6049643647824410947,Carl,Robert,
606657932993130427,Warner,Carl,
7083946497127392583,Loretta,Rose,
1866792550403845737,Bernadette,Richard,
7988359206391828488,Maria,May,
5003759977679528103,Bobbie,Shawn,
1071890297600715505,Rosemary,Melanie,
7792748582342124468,David,Shaun,
5275163879322146753,Elizabeth,Francis,
1153846880620468344,Edna,Brian,
8190888412511338990,Kimberly,Tara,
5457975888386536535,Jeffrey,James,
405948321813580469,Esperanza,Rose,
5232846653278868483,Nathaniel,Jeff,
4150959311337353497,Mark,Caitlin,
4455846758981541670,Emilio,Allen,
1059611232116866844,Diane,Jeffrey,
4487551122550478048,Justin,Zachary,
5071664009985831435,Joan,Alicia,
4741141809742562154,Joe,Dorothy,
1040472984041402235,Courtney,Michael,
2924905334379159094,Barbara,Lillian,
639732086498251967,Eugene,Anna,
7724568772751040510,Rusty,Dolores,
7732198636169592922,Jeffrey,Eva,
3461385533398772818,Andrew,Jesse,
5551085068916484006,Diane,Norma,
6228875169420991883,Daniel,Russell,
4909174253811098676,Maureen,Luis,
485988240937638974,Elsa,Suzanne,
5190053496056182797,Allison,Nora,
4603223564182268805,James,Geraldine,
7890490541823538076,Harold,Cheryl,
2279702617151844117,Wanda,Sharonda,
485924304514344150,Gloria,Garry,
2989870004291065023,Kaitlin,Rebekah,
8411874204349309357,Jason,Valerie,
1960120362926027371,Melissa,Deanna,
1225668509612836068,Susan,James,
4779804095552845802,Thomas,Kristi,
978730346726683564,Stephanie,Shelly,
6614574603668046815,Mark,Paulette,
4283832371554839676,Samantha,Barbara,
5241786035734532795,Earl,Jason,
1678081010783620664,Cheryl,Enriqueta,
3320479937204960054,Kathleen,Robin,
948165241930961769,Stephanie,Anthony,
2911083531714005933,Catherine,Brian,
5646170137272616726,Sharon,Tania,
2668763848962784858,Maryann,Brenda,
1457121665199394356,Katie,Mathew,
1977247893956158767,Edward,Remedios,
2765456126930252093,Derek,Clara,
5016560117920640973,Doris,James,
3199582212991477600,Larry,Michelle,
5837091385985340112,Treva,Nola,
1637295216931023594,Bryan,Elizabeth,
4946870884984198674,Jimmy,Anne,
3822269076715391987,Albert,Martha,
1159692615656689359,Naomi,Stephen,
7556169973069148707,Sarah,Ethel,
131995471121094696,Patrick,Richard,
2606642519235892877,Donald,Michael,
7057489618200203959,Lawrence,June,
8437840281883524569,Elizabeth,Lydia,
8134061870496918758,Daniel,Jay,
5605107598635948528,Victoria,James,
5204418066244506396,Willie,Arlene,
2877200805876412724,Richard,Julia,
4538194347167352933,Fred,Russell,
2962697788800586000,Helen,Jeffrey,
7505271527499523941,Jonathan,Patricia,
1678280113995958359,Wayne,Cecil,
2106543775427612459,Marilyn,Robert,
1349809019702662787,Lashaun,Joshua,
7591186316396945092,Thelma,Delia,
4063246870903876986,Alice,Dora,
5065129452559787872,Jonathan,William,
4722541691127931124,Colleen,Lois,
573678692224042551,Michelle,Nettie,
1215051368357524568,Diane,David,
4366306478940216891,Jodi,Roberto,
8356752589024318404,Peter,William,
4995555053665836410,Kelli,Joan,
64934017519760456,Candice,Raymond,
2948165010598120012,Nancy,Judith,
5739516148756981643,Richard,Dale,
7441048259033161857,Mary,Alma,
889817884816556759,Victoria,Phyllis,
3334001798256124605,George,Teresa,
3869077646886148555,John,Victoria,
247292384920855419,Robert,Elizabeth,
3240273208523014362,Earl,Gabriel,
5935211814778237755,Sandra,Edward,
5262538406607994447,Joseph,Brian,
2510849615819975995,Megan,Angelica,
4414077535109223124,Mark,Donald,
2717751852754398811,Robin,Ira,
1662068232109079893,Bob,Louis,
1135307215173896825,Roberto,Breanne,
790169515140262484,Angela,Vicki,
514869188793388553,Marguerite,Karen,
7749761591972897479,Calvin,Elizabeth,
2482453880597803115,Alexandra,Raymond,
103120154610781101,Shirley,Arlene,
5611509777365240545,William,Francisco,
5558420419056675416,Guy,Phillip,
1897594289651982904,Stephanie,Nancy,
4627216616253955678,David,Louis,
4316956804157835659,Jeffrey,Jonathan,
5308923912130936420,Sharon,Lynn,
7199263877459339407,Donald,Lynn,
1874573515169201088,Melvin,Jeffrey,
1352705645973996953,Myron,Addie,
2297407497229451062,Roland,Scott,
5882610663923374627,Roxanne,Heather,
2756566086460483224,Charles,Deshawn,
8462902561786822649,Rachel,Denise,
8226240093787882493,Jimmy,Bruce,
1576330090987340594,Brian,Dorothy,
4290253706214776048,Jonathan,Tammy,
4476185061577038688,Rebecca,Diana,
464180974324998348,Deborah,Susan,
4467844586008606466,Travis,John,
3178999986981407922,Daniel,Jessica,
1896778946608386954,Phyllis,Mary,
1913952045817097926,Edna,Willard,
926616770373285301,Paul,Jose,
3377290333266352971,Shawn,Deborah,
1825175805447555965,Estelle,Donnie,
3481337217733135512,Angela,Nick,
6368574754564988990,Marla,Matthew,
1413174770289444116,Harold,Jesus,
5662635659057179297,Mattie,Ruth,
8082864119228420681,Paul,Randall,
2667182684911496977,Karen,Brad,
4198938519577613042,Lois,Cheryl,
3736778933896035129,Winfred,Tina,
3402124902290262415,Laura,Danny,
6818309411756522243,Irving,Weldon,
6931936349702915348,Joseph,Silvia,
1405400839852579121,Cindy,Milton,
2272517659296024217,Thelma,Toni,
4467430261291941463,Arlene,Christopher,
283569782208274573,Sara,Julia,
4622510631575683456,Anne,Curtis,
424212166683138455,Walter,Therese,
7944729121298612822,Wayne,Barbara,
5030863765442046918,Terri,Eric,
7968361938796650075,Sharon,Carl,
2757460540229358185,Rebecca,Nathaniel,
7359552457987416773,Peter,Edith,
6216396169039694823,Kay,Andrew,
6782029158305613290,Harriet,Justin,
2200342616339556233,David,Timothy,
1383437328756684676,Michelle,Taylor,
3061852049657633476,Shante,Ron,
61772354464565375,Fernando,Joe,
3730643188182633957,Alan,Otto,
6160664931117560401,Maria,Helen,
5833168347052550142,William,Jorge,
3638412158819425491,Pamala,George,
2184118944994164396,Bernice,James,
2744758419566579024,Michael,Eva,
6892651554246740666,Aaron,Bobby,
6592258721054232150,Laura,Craig,
2755888106788420813,Dennis,Sarah,
1597405567774382601,Sherryl,Jason,
5962570397554140339,Stella,Troy,
7507963804851139076,Julie,Mark,
5413850302758356949,Susan,Bessie,
6887478779456380159,Harlan,Bianca,
2287344779487498535,Lucie,Paul,
8244785152639645325,Tami,Brandon,
5301958366741528195,Clarence,Cindy,
5000234260288074735,Elizabeth,Carolyn,
7101524910389852941,Vanessa,Ronnie,
3528586180838200151,Evelyn,Livia,
529587479198854329,Steven,Joseph,
7665376019855428563,Lorna,William,
2512834605224764656,Carl,Yvette,
7855115999735492450,Michael,Dede,
1470604473527582495,Kathleen,Solomon,
4671297617984136068,Robert,Mary,
550424394416099833,Ben,Mary,
5642153113695918132,Jacqueline,Santiago,
7250418070604686600,Peter,Clyde,
4450668392691720982,Denise,John,
7351279360116572753,Irene,William,
4200366728257310411,May,James,
1991132049736477018,Amanda,Roy,
7083466217933121995,Mariel,Timothy,
14760131016046631,Ron,John,
7190428861562262581,Ramon,Ellen,
6900641202667114011,Juan,Elaine,
2289384613099597417,Elisa,Rafael,
5984044317211132006,Marjorie,Terry,
224793123703230873,Alicia,Arlene,
4872642270258013676,Francis,Christine,
437521072409862231,Robert,Frances,
5187944832286544357,Frank,Luella,
3791550971357205988,Ruth,Jessica,
5986276145078286908,Ashli,Lester,
5136899720121878852,Joyce,Donald,
2798499002987301118,Jessica,Joseph,
6467601811657352483,Gary,Stevie,
7666729148532700841,Laurie,Dennis,
7632659037829679851,Bessie,Nathan,
4921974428775647127,Louise,Lois,
2347122916581904826,Doreen,Henry,
237487645979385964,Carol,Myrtis,
905198053566352871,Mary,Jimmy,
387934637473111072,Willie,Bessie,
5440258259131996906,Amanda,Larry,
6460152580049013015,Tiffany,Ralph,
4667384298980378959,Bonnie,Gladys,
3020871840447568826,Hannah,Alisha,
1119441887171188504,Janet,Wanda,
5605407970403849015,Amy,Catherine,
3468257541673543352,Roger,Susan,
2425839212554794571,Autumn,Shayla,
872278328191203653,Patricia,Patricia,
2031858533715109764,Charles,Lelah,
4344143598759707489,Martha,Tony,
1222105592014946821,Dorothy,Amanda,
1041881152030446571,Meagan,Velma,
1300382624504679606,Marlys,Marietta,
7128042282285010161,Deborah,Dee,
2224857218305328153,Celia,Kerri,
5816543856772282300,John,Michael,
4581905680157719323,Abby,Jack,
634453887377194370,James,James,
431432149683729183,Claire,Shannon,
6482850807891086407,Benjamin,Elizabeth,
4470423141781872703,Wanda,Robert,
6735367236474442670,Agnes,Denise,
989764513929634777,Bruce,Manuel,
5745941181903501811,Angela,Milton,
5547009147820177882,Christina,Larry,
8080276422576711750,Calvin,Robert,
8390236999864947039,James,Elizabeth,
5653289226528609077,Arthur,Karen,
501073869983114984,Cynthia,Olga,
5226972884358691798,Robin,Marvin,
6717500941423064954,Douglas,Javier,
2369705279252077306,Linda,Janet,
1095776742278780051,Jerry,Kendra,
1986281881592420886,Michelle,Jason,
5110933499408263332,Russell,John,
1731831989525273466,Lori,Russell,
2787839910774214387,John,Vincent,
8382576982665884816,Craig,Carlos,
858445230092376282,Kevin,Kelly,
3754989740181974957,Curtis,Dwight,
3265520981011266260,David,Rosa,
2348994998907602810,Lizzie,Donna,
4677734270834306460,Gary,Stephen,
5094828758777965060,Alva,Jose,
2284033416524749731,Valerie,Velma,
605895201089997431,Warren,Sharon,
5415942789826675384,Lawrence,Mildred,
2136864138056458048,Kevin,Sue,
4121281220618405136,Joey,Renee,
6140874163827039376,Claude,Clement,
1914403984530870603,Jim,Tracy,
2685060193209183910,Denisha,Andrea,
667154816661736162,Jerry,Kayla,
3176516753093399464,Lillie,Frances,
7190770103849019759,Robert,Carson,
6995202483591135732,Ricardo,John,
7875267310803436356,Katy,Nancy,
1912088177856528679,Carmela,Jordan,
2724472388149342614,Genevieve,Douglas,
3518044109273104526,Lonnie,George,
4359326945232907767,John,Raquel,
5101464745423845821,Shannon,Brittany,
2781486242022963583,Lloyd,Elizabeth,
3813281788347077813,Wayne,Ruby,
5090895538903889483,Tim,Angela,
8545959925445526184,Mark,Jody,
8045344045833933738,James,Dan,
1920180663304993664,Matthew,Hannah,
850617240440342265,Tina,Stephany,
7575534365547153792,Deborah,Lola,
6781977170293122305,Kristie,David,
7280617004726083003,Carol,David,
2371123099894860104,Elsie,Juan,
3153557102349152851,Timothy,Lorna,
6563232370147531627,Michelle,Thomas,
7973696733692531540,Gordon,Francis,
1484724081444701491,Clayton,Margery,
3754549144016237053,Jennifer,John,
3646308018061521696,Steve,Jean,
7617473068327339005,Beatrice,Chad,
3463025749289877409,Ricky,Joy,
1171456922364055694,Rick,Elizabeth,
8398595717318287870,Sonya,Lucille,
1936664514532657074,Richard,Rosa,
2340036666177544872,Lawrence,Ida,
2629252246738739810,Abdul,Janine,
1730645695716851744,Joan,Helen,
3340884128028598471,Thomas,Ebony,
8503362875843945709,Thomas,Anna,
3370315034092289829,Suzanne,Michelle,
2938775547215436053,Diane,Lloyd,
5821222531685714781,Harold,Julio,
1032016677214120312,Dawn,Jesse,
6159768828911212189,Gordon,Vivian,
8057694344925310477,Cynthia,Joseph,
4462736251897421740,Karen,Chet,
7571911872757962998,Pamela,Kathleen,
196231138477983367,Gary,Eric,
2583598504435539921,John,David,
5251767227350588697,Nicolette,Fred,
1817409213319554173,Alice,Lorna,
7678117431920448825,Johnnie,Tina,
7582133769219560302,Adan,Jacqueline,
7311571654855809550,Paul,Adam,
1433977029488909263,Marion,Michael,
4793130240649702480,Autumn,Marcus,
4325490379692374362,Thomas,Janet,
5875946030692835220,Desmond,Stephen,
7904222062769372529,Sean,Christa,
3345341943762539590,Christy,Celia,
5384967285164307427,Gerald,Sherri,
219061602933306701,Hector,Mary,
6537619359744218514,Connie,Maria,
5746565516139138447,Donald,Elmer,
1616592366037114542,Sally,Helen,
4091212049118853838,Mike,William,
1698389719514726139,Ciera,Kim,
4498208201061079808,Pamela,Dorothy,
3733769889681887467,Eric,Wendy,
7072062366697102852,George,Thomas,
1464137649394703860,Kazuko,Shannon,
5200097394030345516,Charles,Leonard,
7647488775897229461,Jack,Marissa,
4211779755063130612,Aida,Charles,
2118758762670605922,Kendra,Daisy,
4996074060377196668,Amy,Frank,
6941466039017241987,Jonathan,Aliza,
566727192399648210,Lisa,Margaret,
886461075515731997,Anthony,James,
2402382730274206730,John,Archie,
5835389339221488258,Jose,Dorothy,
6698982994900437893,Clement,Nadine,
1894011916846587974,Yvonne,Bill,
1604347788987144936,Dewayne,Andrew,
218982789377490314,Betty,Edgar,
5436303070302821214,Jack,Ursula,
8270866013495436632,Richard,Anna,
8474931637410788126,David,Richard,
4866938346090485105,Alfred,Deborah,
7509603576594657583,Harry,Shara,
3731123492155949184,David,Claire,
8420972301857138210,Anthony,Alvin,
4747490784894523880,Terence,Dennis,
695291798792206712,Eulalia,Dorothy,
2626577440724109629,William,Carl,
6184177700930530258,Kyle,Louis,
4540970768911812094,Ethel,Sandra,
1281564585354597245,Isabel,Christen,
4460355982278433398,Curtis,Joseph,
7669418037457039834,Bryan,Alan,
6161615033295144644,Rico,John,
81964930944237428,Elvira,Betty,
6331969617058643133,Dusty,Deborah,
2443075486411815912,Benjamin,Gladys,
1072495945042231158,Soon,Mark,
6027953586603507348,Jamie,Katherine,
1706491121473990368,David,Kim,
6634895562544297057,Mike,Betty,
7212075490039237024,Lawrence,Mamie,
5123845881754667797,Lorenzo,Sana,
2749017315790822793,Larry,Elvin,
7331305461814648191,Stephanie,Corey,
5928080788624822995,Leonard,Hoyt,
3250742806794954651,Cheryl,Curtis,
8369181498216160187,Katherine,James,
7534437576042876981,Ira,June,
2298798822028802712,Mike,Adrian,
5204147827243132188,Eduardo,Jill,
1794417221227283478,John,Helen,
1875333407303173316,Pete,Dawn,
1197455135608386232,April,Jill,
7021752896580960402,Caitlin,Clint,
6433348139045714985,Sheila,Rita,
8024156261787574135,Julie,Elaine,
6897395544433737089,Peggy,Adam,
58491863588249618,Donna,Connie,
7703952289821340359,Melissa,Pablo,
266449457736246358,Peter,Jeanette,
3361338259501482743,Helen,James,
3546225381523976081,Kevin,Clifford,
4325996598061844449,Amber,Roderick,
2264596227547830724,Carlene,Elvia,
221839963528358511,Kelly,James,
4034705819210388759,Doris,Larry,
4886315496478929678,Stephnie,Laverne,
2302879134170707994,Malik,Shana,
3401231640860048591,Antonia,Raul,
6611334378286443944,Annette,Rosemary,
329132493375397491,Joseph,Damian,
6266142328766778134,Mark,Aubrey,
2728392015585155743,Rhonda,Dianne,
6670558773343197355,Wilbert,Lane,
5804327542420489076,Amanda,Martha,
627752458923913071,Larry,Donald,
2199942836239533269,Harry,Thelma,
5201350911043709976,Mildred,Linda,
2005686632894701550,Marya,Esther,
517445431201361091,Sarah,Angelina,
3867372752416354871,Drew,Steven,
7863584915249771002,Kathryn,Thomas,
3252253827670437187,William,John,
5856445327430756466,Celesta,Winona,
6428894342978444282,Sarah,Melba,
3995456028760362282,Deborah,Mary,
8524478406090199171,Charity,Mei,
5943290317757742941,Darlene,Steven,
8483869450098057491,Hellen,Zachariah,
8268597542367191002,Lauren,Alan,
4661784187263495886,Edward,Dennis,
6261197034782935946,Nelson,Donald,
3875216013844331494,Bobby,Sharon,
2770787727264085084,Sandra,Matthew,
837006215017257283,Joseph,Joseph,
1267096676905042927,Henry,Damien,
8037194842729858268,Douglas,Andrea,
5136094652392238157,Eugena,Barbara,
1179235263175886847,Christopher,Regena,
2596365031177919522,Clarissa,Shirley,
4999487586944562530,Walter,Elizabeth,
7659557258434102915,Jerry,John,
7494839863169309325,Sherill,Adam,
3117298084457580915,Rosa,Francisco,
3837567870983424722,Bruce,Evelyn,
6832351926572708152,Harry,Eric,
4416212811520708848,Travis,Karen,
7801176055582084808,Lisa,Nancy,
7655018626832327033,Dennis,Deborah,
4406007107397180487,Ricardo,David,
8554992567487342538,Kara,Diane,
2274448225436983053,Robyn,Anne,
6763069683609473908,Simon,Mildred,
3939893629513762978,John,Randy,
7188265142853528897,Jose,Lee,
5773848485827438779,Kelly,Tabitha,
6925971839161382868,Patricia,Louise,
4893481146951164487,Gertrude,Leighann,
3330919341302225496,Anita,Marc,
6571918603064073884,Jon,Laura,
6328013452425939830,David,Margaret,
932161611556938600,Tim,Rosalee,
7441148778494211638,Alan,Jeremy,
2953793945096754032,Pamela,Edgar,
3833649232781141366,Linda,Steve,
1216916631647861076,Michael,Edwin,
3708719514973586539,Martha,Kristen,
3348086986416740397,Jane,Lorraine,
6367126732406240731,Lewis,Elizabeth,
6132498341681974996,William,Wesley,
61274247342171392,Denise,James,
3975109148191775877,Jonathan,Addie,
8459633812414778507,Lee,Kimberly,
603251406567129709,Donald,Vicenta,
7926026436780092840,Raymond,Samuel,
58791938033175811,Sam,Mary,
599679360812091198,Amanda,Ronald,
3157401826294659336,James,Karen,
7046273662345790942,Greg,Lora,
5745062788539818006,Roy,Larry,
2293525773505744552,Donald,Henry,
5851974065402864754,Gwen,Tameika,
2263861964692878934,Jose,Johnny,
2749804858631700291,Sam,Pamela,
4046236823625377680,Kathleen,Daniel,
401905276944654534,Ana,Christopher,
7388693904205914058,Mary,Troy,
6655220163162859766,Gracie,Jeffrey,
2041139886769370468,Leontine,Kari,
6377718491714934319,Jon,Donna,
6928953402961078142,John,Patricia,
4880609825991200089,Olga,John,
1204939755107438803,Peggy,Carol,
93234138045242368,Adela,Willie,
7942799911386835367,Maria,Tyrone,
6180620914336448945,Stacy,Russell,
6133559490780800569,Nicolas,Anne,
7956431930257461768,Terry,Scottie,
4236104550507881248,Mindy,Robin,
3785792267574484661,Joseph,Alexander,
6783870751203867043,Alexis,Tammy,
600494744266727897,Earl,Samuel,
7518517329321670326,Mildred,Franklin,
280879974425706386,Mary,Janet,
6019091504667085634,Carl,Verdell,
2973883917917857477,Linda,Joyce,
1539799296156936637,Cody,Velma,
8332040347654855816,Raymond,Oscar,
7511068905254191763,John,Micheal,
7571831636430274736,Gerald,Adela,
4178704751999839154,Maureen,Charlie,
8289199356623351239,George,Marie,
5945788273992624737,Catherine,Charles,
3140494025466376243,Deborah,Russell,
8488326096755402777,William,Lance,
3669677889704744394,Kareem,Antone,
941036181741371846,Gary,Dena,
4916202231928417540,Christopher,Shannon,
3225055724945770337,Elizabeth,Kayla,
3495047562530327378,Charles,Jean,
7942558738739702415,Ofelia,Clifford,
7052783449249749530,Eric,Neil,
4527915863045617563,Charles,Francis,
3587392033890144910,Frank,Kerry,
6100449240251027715,Randy,Gary,
2229604590445262545,Jack,Kyra,
5064002201353906213,Walter,Richard,
4942361226072875671,Frances,Elvira,
1176954442940425977,Dean,Tara,
483858526236373093,Steven,Brenda,
7946170185755587325,Bradford,June,
3208343676169404254,Steven,Lance,
2579754125296416018,Maria,Sonja,
8456048280004806962,David,Linda,
2092204998048035080,Brian,Yen,
7398350640115418226,Tawana,Betty,
6782579223031091642,Louis,Gloria,
327803264345423604,Lisa,Vickie,
448469342185395222,Maxine,Dale,
1898973175130772607,Christina,Holly,
83896074921692168,Adelina,Daniel,
5265117560335996131,Tianna,Daniel,
6224585049007624727,Judith,Robert,
7878738253906572783,Sondra,Robert,
6071452299561592421,Shanel,Eunice,
5822893734265163485,Kyle,Angela,
6639487392364533180,Tyrell,Linda,
7953720515094405372,Kelly,Jodi,
3645651231143243100,Robert,Sang,
1041230985196591240,Steven,David,
4926769593565354972,Stephen,Jan,
5043420226456798990,Candace,Spencer,
2572509249152615925,Richard,Willie,
2505077384364338937,Ann,Anthony,
607993114756937260,Patrick,Dorothy,
180509879819549752,Ella,Ronald,
7946802389865750475,Kimberly,Joshua,
6044848093079879294,Patricia,Joseph,
2454879453902235760,Barbara,Catherine,
2774537454027703611,Joseph,Joseph,
7360853371242007565,Chris,Michael,
6492136541343332380,Nancy,Harold,
127618994187240862,Jose,Amanda,
8546112315133262834,Virginia,Jennifer,
5204590018609726299,Lisa,Shannon,
569655415624379260,Michael,Henry,
7914611080507584697,Shannon,Christy,
3045278020007406123,Beatrice,Linnea,
6432425325491109784,Antonio,David,
5970378559133387489,Patsy,Norris,
3784035906661490243,Mary,Janet,
2577563252910941934,Pauline,Lina,
2266866826283578146,Mirella,Terry,
1863141924179407498,Clyde,Robert,
345241897493256483,Pete,Peter,
4560139731274452659,Charles,Mathew,
5804530729865179457,Ethel,Thomas,
7976814590179335962,Albert,Deborah,
8081018542800958287,Luis,Pamela,
8033935577094190091,Florencia,Michael,
7645103217594522858,David,Loretta,
6347866305250227656,Lynnette,Edra,
7026616085470714359,Mary,Marvel,
2788443553360001291,Don,Mary,
7355674884418215813,Hilary,Jane,
6024919333955850847,Isabel,Martin,
2454347241430027497,Loraine,Amy,
4005978822441965613,Dan,Steven,
4109128744182112728,Lindsay,Dawn,
1748727685430796868,Johnny,Jose,
7677376040514912299,Velma,Ila,
3358560916156801133,Lesa,Robin,
8478706034775869698,Ann,Eugene,
1231036023466869094,Johnnie,James,
7454032763931091329,Debbie,Frederick,
4834553583073972464,Paulette,Steven,
4688835516365330715,Jeffrey,Wendy,
2667701390783490857,Harry,Melody,
7709458036997110423,Anthony,Mittie,
3820141144913810181,Ronald,Theresa,
682907755516398885,James,Robert,
950134927192572109,Cristina,Gladys,
154205093009618684,Albert,Mary,
6901846079486075034,Larry,Miguel,
3971174298786642224,Robert,Eva,
1178023220103375023,Billy,Spencer,
7493164039794778818,Charles,Mark,
3461790936759895777,Sean,Penny,
6978342969213015496,Teresa,Robert,
2717213454615323263,Christopher,Barbara,
2443996059951703190,Justin,Dale,
6718742300829277925,Jacob,Barry,
2407218167113264268,Julio,Ashley,
3705255811888382634,Sophia,James,
3156843447105071670,Wendy,Paul,
7041244679981815507,Erma,James,
1099967774136295800,Michael,Tony,
5013021096515199889,George,Raymond,
5111394861452459838,John,Jessica,
8324399423119944723,Marie,Angela,
4362176536861020367,Quintin,Arthur,
553031609490838286,Robert,Dina,
3796716325823854828,Ernest,Matthew,
8404101463645249018,Tina,Tiffany,
2847621547268477215,Christopher,Mechelle,
119255409561489112,Milton,Steven,
3191571677651399585,Terence,Jeremy,
4880536219854202209,Roberta,Gavin,
5968914904935149301,Clyde,Erlinda,
2569428345528971645,Ethel,Brett,
2165972570325173298,Joanne,Barbara,
6306154113924323416,James,Elizabeth,
1475474168796885188,Sylvester,Dennis,
767446145770605406,Theresa,Eric,
4000338025394403149,Kyle,Robert,
623405292751079974,Tammy,Luther,
114052018657975733,Kevin,Luis,
4900860553288009026,Helen,Ethel,
3514639080708124237,Thomas,Dorothy,
4915724604126659709,Lillian,Bryan,
2132003717595844555,Kimberly,Sheila,
387342429220696551,Connie,Don,
3312999678803556474,Regina,Jean,
2772472376203689064,Clara,Pamela,
1863657287139051601,Robert,Nathan,
5072826922526943381,Colin,Lillian,
8233496006145600602,Lewis,Craig,
6154286102550155445,Robert,Hector,
1354996219487110881,Andre,Dorothy,
7784561290465657970,Janice,Larry,
5697468569005916435,Justin,Deborah,
4234901498558045654,James,Lorraine,
8397307369299071963,Robert,Hugh,
1859612756834631609,Dianne,James,
3386366318086762793,Richard,Bradley,
964302922504693742,Lilly,Peter,
3343429099629953683,Luther,Roxie,
5983456761197400710,Jean,Dorothy,
46008092692724579,Tracy,Homer,
6645706537997911350,James,David,
523319429229627203,Casandra,Nancy,
4714045998720002412,Mary,Elizabeth,
490252911285029531,Maria,Homer,
597017291808332308,Jessica,Earnest,
4093938003133276832,Joyce,Patricia,
7639975487091248305,Cedric,Marie,
65038376244894067,Sallie,Aaron,
5829022707161542253,Shirley,Anthony,
389337048452886440,Vilma,Myrna,
3730419205439201227,Michael,Steven,
3408989582868475001,Arthur,Maria,
4018532686035158152,Dora,Lucio,
327055914486155214,Charles,Jamie,
1488264653168174365,Devon,Kenneth,
7011857318711584448,Daisy,Charles,
5019307494815161939,Virginia,Randy,
5954986957194335151,Darcy,Dana,
6504773791595535949,Sherry,Dale,
5695517005689780464,Ellen,Robert,
8243975714187216527,Salvatore,Adelina,
1855377373751842060,Sherry,Tracey,
3910166115418226679,Cassandra,Christine,
2933696188358741679,Sarah,Susan,
101942427704245100,Tracey,Anna,
4078618961677498448,Burma,Paul,
5319821815693783237,Shirley,James,
4128050931952946806,Chad,Donna,
6249640322288052700,Kevin,Thomas,
4146569909838339992,Stella,Carl,
2937390001117387638,Arthur,Helen,
4446137724565252880,Christine,Maria,
4673894451209725383,Nicole,Scott,
7753119047238423681,Columbus,Wallace,
6041352124067450429,Mirta,Carol,
1375795217619780455,Frances,Maria,
5019701141879398693,Rosemarie,Judy,
5293011099788439439,Jack,Lucinda,
3605848348164854830,Arturo,William,
466507259624968117,Justin,Kassandra,
864139846307706000,Robert,Steve,
4602663969964554555,Larissa,Lavonne,
6507641396207919721,Charlene,Francis,
649298361835005258,Emmett,Thomas,
5218500046178813456,Robert,Steven,
6946715905726491358,Sandra,Gary,
3521933261879481566,Elizabeth,Vernon,
2178395974269301096,Lori,Craig,
6753368684315312359,Mack,Wesley,
102736952680344474,Lydia,Shawn,
1278228337904476251,Karen,Inez,
7132855399308831272,Christine,Frederic,
6810559500832299145,James,Stacey,
7777845649953971722,Ellen,Ha,
6493308355244771871,Sharon,Gabriel,
1927392457181058569,Lora,Ben,
8550028553837793367,William,William,
755701234886798135,Dolores,Donald,
7459528187983269567,Keith,Amanda,
5605418330291861704,Jennie,Kerry,
3485590828106681827,Wilma,James,
4977852449843361307,Santiago,Gerald,
7522396461247110824,Peggy,Jean,
2618327834434542879,Howard,Brenda,
1589764339523817470,Samuel,Manuel,
3808389854492186901,Linda,Randolph,
6697549186766751466,James,Eric,
5746361606364337907,Kimberly,Deedee,
164772236784320930,Karen,Christopher,
3372922674245675582,Mary,Robert,
6301928462028556953,Bradley,Eve,
7846271799557038137,Morgan,Kenya,
6806471074222642247,Pamela,Annamae,
1393109796328469755,Bryant,Tyrone,
4414259959711713603,Kelly,Charlotte,
2474655582623429913,Anne,Lonnie,
6374643720916805178,Ed,Linda,
7995828865933919488,Brian,Jimmy,
1464929609921199965,Jennifer,Matthew,
945199017437749372,Crystal,Sondra,
8241638053344508628,Gabriela,Anna,
1946679105483030842,Mary,Cheryl,
7145193172361387150,Terri,Kyle,
1389330044259201632,Nicole,Stephen,
3198974040819037986,Jerome,Nancy,
5151943710305322797,Charles,Tina,
2897687132596465282,Marcy,Frank,
5356515594901927557,Sandy,Mario,
3612558985015268256,Ora,Gwendolyn,
1218715943811266950,Michelle,Monique,
1904061932066255155,Nicolas,Frances,
1011828947731676252,Johnny,Minnie,
8194383209291573733,Melissa,Frank,
6168546686635415734,Rosie,Vicki,
3979022364064121786,Jessica,Santos,
914099066593831226,Monica,Chasity,
6222928868293088842,Margaret,Patricia,
8231424376585247086,Marie,Ruth,
7137721314764243637,Daniel,Marie,
1226564505783816056,Tiffani,Prince,
8097804127172877801,Walter,George,
3675583439998362772,Roland,Harold,
8561855686941085055,Eric,Derrick,
2294802934591206990,Caridad,Martin,
6150144497758083488,Melinda,James,
1748522394766659126,Angie,Ben,
7675434819209742190,James,Mary,
6848452297562378902,Kathy,Micheal,
3512496676148673043,Daniel,Sarah,
2781375004285721875,Mary,Lisa,
7561683861645338338,Richard,Linda,
1317331774620070774,Donald,Brian,
7110163693962514835,James,Denise,
525377826361223820,June,Jaime,
7643897784167133736,John,Claudia,
7452588736648775498,Ann,Amos,
4120615936155565786,Jason,Onie,
577283932243432784,Lillian,Amy,
8331884249891203002,Mary,Eduardo,
7489824741893142715,Homer,Louie,
6598679580712252119,Ted,George,
1956912017991149822,Sandy,Walter,
6853083317150042693,James,Myron,
7553636868740550656,Jerry,Todd,
193318206297333608,Thomas,Windy,
5620264492202141975,Jenny,Andrea,
1909090765092382128,Jill,Kimberly,
830506835570773077,Laura,Jamie,
2070763331093441671,Jessica,James,
3942877143427527369,Jennifer,Margaret,
2001686815040249091,Jennifer,Michael,
5052889933613649661,Carrie,Andrew,
5550273585622744728,Maryann,David,
7801509083342336344,William,Julie,
7526891884464314587,Karen,Michelle,
1125503602599793002,Robert,Charles,
869453053574617700,Keli,Nancy,
6118424913440081155,Faye,Jade,
2915902863954939193,Jennifer,Miguel,
7745560353413120822,Lindsay,Karen,
2037218780737314879,Kymberly,Jonathan,
292281502951654945,Michael,Deborah,
2243098802287188119,Mary,Sammy,
1635645316074357421,Jane,David,
7045750441105683642,Louis,Ivan,
549079615067462695,Howard,Michael,
3898882461789280330,Jeanette,Joan,
527200273719842667,Patricia,Jason,
5626790863711113586,David,William,
913760501305644079,Nicole,Mark,
7835492623620971333,Stephen,Bonnie,
3949604702446785647,Andrew,Michael,
633739559406853967,Sarah,Andrea,
4576562077914337602,John,Tiffany,
1518821528902140527,Nicole,Pamela,
547499176986395114,Selma,Alice,
1996548567777109604,Jessica,Jeffrey,
6111219968817278231,Letha,Ying,
3950184415666518550,Lenora,Carlos,
8071139635358792100,Zenaida,Robert,
67102455804535677,Sherry,Carol,
5314946620431463066,Steven,Russel,
1736628375316282078,Emelia,Darla,
6903900113545235210,Michael,Madelyn,
7387543371670949668,John,Clara,
2924889354150797449,Robert,Emma,
3173688817259635687,Tom,Toby,
1665536627601670509,Edna,Michael,
1941730988880164289,Henry,Laura,
1681858453265140734,Jean,Teresa,
391362586609851704,Kevin,Christopher,
7242994488097327292,Cindy,James,
8263990227090440956,Timothy,Mark,
2878558945003606566,Jack,Willie,
6098020654668886717,Alan,Angel,
6147132885781208696,Pearl,William,
6624059046568821407,John,Margie,
2597308221780669204,Justin,Frank,
7829072092780715717,Dale,John,
6934676790618718119,Harold,Micheal,
2181727301571912595,Mildred,Bradford,
478943615553773946,Jewell,Jose,
7534532406758840050,Chester,Amanda,
5632315800739269905,Grace,Julie,
6936227143287420024,Francesca,Loyd,
3851405773112060272,Betty,Jean,
5161277683863430003,Joyce,Jeffrey,
4319070733618346586,Fred,James,
1300685514716548295,Jacqueline,Jose,
4270830410608664450,James,David,
6910078007532918112,Georgia,Rodney,
1444773109818380617,Ted,Tom,
1675344987890400511,Preston,Douglas,
7848153564693597416,Trudy,Gary,
1752401195676483006,Robert,Doris,
3769576453216145377,Donna,Belkis,
4909062963387567228,Alma,Irvin,
8446229891686628507,Jose,Daniel,
2935253219638654926,Justin,Irene,
5183764440346326273,Paul,Madelyn,
113166650635707046,Vanessa,Samantha,
5028821639534759878,Tammy,Ricky,
1135102513864381270,Sandra,Pat,
4454756952201265349,Latonya,Christine,
8374958707424452271,Christopher,David,
8342217092986453082,Margie,Robert,
1543035387503710107,Wanda,Carl,
6621949156242884,Ella,David,
5348118847147359589,Mark,Leo,
6652194215541699022,Helen,Richard,
463076932796667312,Jose,Warren,
3726286835065759353,Brittany,Oscar,
384555342208055234,Antonio,Maria,
3786472886661498528,Sharon,Jeremy,
6905222070299075984,Taina,Brenda,
3365383123259065770,Mason,Guy,
1768072777467664622,Brandon,Ron,
5070140342166338753,Roland,Stanley,
2648468100080580442,Joseph,Rebecca,
2509807423411395564,Caitlyn,Hilda,
919248323109672099,Catherine,Michael,
4835676922059598905,Logan,Tommy,
2180746698560608690,Albert,Tina,
5419329374347316914,Paul,Madeline,
6656211089476625760,Louanne,Thomas,
7870295231601381449,John,Sandra,
1677401210692200657,Christy,Scott,
3338479067894561650,Anne,Joyce,
3242749750309568087,Joseph,Emma,
7224188557185319963,Gloria,Maria,
2251747633345651162,Michael,Karen,
7208576730666156894,Karen,Brian,
8105060138979411128,Nicole,Stephen,
2049353630327980218,Daniel,Robert,
5729814993410657234,Charles,Jeffrey,
5259933185150497046,James,Mary,
4303661357158970739,John,Lynette,
259447929942600549,Melva,Celia,
2151563391013019363,Kevin,Harriet,
1191992678912693160,Frank,Delbert,
1631408007183482414,Cory,Scott,
7904619043308060469,Numbers,Ronald,
7377729300801162960,Ashley,Sandra,
1540788981634574693,Susan,Lauren,
436551860677712085,Rhonda,Lauren,
3789831936752533244,Linda,Sheryl,
3394999835632368170,Randall,Miguel,
1971166281406452650,William,Barbara,
4112306375709748774,Thomas,Jami,
5225326296736559165,John,Harold,
4802448802803110222,Brandon,Martha,
4495115914157573331,Kenneth,Allen,
4680905926097057689,Jose,Mary,
2662848675478609771,Virgil,Carol,
4899123948211028505,Barry,Ida,
196174849705604585,Jerome,Alvin,
2301587941551338614,Stephanie,Garrett,
4888363977045753610,Roy,Jennifer,
1890867931446261901,Ava,John,
5854083473823173415,Catherine,Rose,
3728078193416560335,Edna,Max,
7121717107864609121,Gayla,Mary,
5686368115016216940,Walter,Albert,
7943168625713197135,Donna,Christi,
6483945444001027924,Heriberto,James,
2965267449986559685,James,Francine,
6600759643751669897,Joseph,Wilda,
2222409555899869961,Hattie,Jerry,
3244634920681383548,Frances,Shayla,
4871962852899243909,Benny,Jennifer,
5620858456114465048,Kent,Tanya,
8511174183012892858,Michael,Eric,
4440330904713001506,David,Winifred,
5869354983966434269,Jennifer,Lacey,
2694346503141088390,Timothy,Janice,
1373150194517807621,Chas,Kelly,
2891881587121736236,Bertha,Michael,
408312760032572629,Hassan,Adam,
3175531923478789756,Ronnie,Shirley,
7967936652052358750,Estella,Harrison,
1374677961638944037,Michael,Sharon,
4399481199223660314,George,Michael,
51583275725390552,Alan,Victor,
5848361114421738481,Theresa,Gerry,
5526909929650528868,Brenda,Joseph,
7057258058175394243,Stephanie,Marla,
5044928544286873936,Chauncey,Roger,
1500203271411803552,Frank,Corey,
5738832799055157827,Sandra,Linda,
6296959213160979357,Mindi,Toni,
4219056268335851171,Melinda,Timothy,
6499497846494735946,Crystal,John,
1875097769159983555,Mary,Earl,
7694742597026721390,Shawn,Ronnie,
8057462424159946329,Barbara,Grace,
5811828672608892127,Linda,Helen,
6427035991103025892,Arlene,Josephine,
3261948317293178761,Michael,Irene,
2585189154456181728,Donna,Sally,
7384383508231887189,Jeremiah,Daniel,
6084250846807383696,Patricia,Kathleen,
2057550286575535503,Deborah,Anthony,
5680539626173812674,Luis,Gladys,
5290595039662508491,Harold,Leighann,
6488802442696456044,James,Eloise,
7000656507973317182,Kendra,Edwin,
8298113248394206998,Evelyn,Rachel,
7238860005010030009,Virginia,Celena,
6971779193158535180,James,Raymond,
6682709756414872847,Carla,Timothy,
5716673632868119405,Susie,Chris,
6602191498996721011,Marie,Helen,
234239530542955372,Mary,Ray,
3133659471106558694,Gerardo,Leila,
130819215697191227,Robert,Melissa,
5855136572067635850,Kelly,David,
7559857188303827439,James,Alice,
1199452500370755337,Yuki,Charles,
1560437407405974448,Merrill,Linda,
5123465719787287921,Brian,Jessica,
4668497069690806578,Scott,Michael,
1955524071137248081,Stacey,Billy,
7086303718327489602,John,Courtney,
6946570805817567480,Oscar,Glenn,
3496409189667103407,Richard,Francisco,
5043191246601857459,Sylvia,Joey,
1673477439278051746,Mark,Shirley,
5506421444755965942,Patricia,Henry,
5997194106707225269,Leslie,Sandra,
3810186981460000640,Mae,Elvira,
1130341259459387332,Archie,Debra,
6485472181232780879,David,Arthur,
299699360778147251,Anthony,Johnathan,
3776509246672831167,Martha,Carrie,
3903043200893729495,Bettie,Cecil,
7868630295981495590,Karen,Victor,
546994009072227732,Catherine,Floyd,
3230176211217028786,Guy,Heather,
6394389658534821197,Jeff,Grant,
305975676365035860,Emily,Diana,
2583147042572928504,Oscar,Nathan,
6573482365490429547,Yolanda,Henry,
4855043146933228838,Carol,Lucile,
7093199827792187110,Jessie,Lori,
4108011813135186297,Sabrina,Sandra,
6731318715779982827,John,Peter,
2626338795973904670,Gloria,Mercedes,
3760014917082202832,Nora,Tina,
683335091281422989,Cora,Tammy,
3243420590496849679,James,Etta,
2411887973740197363,Hannah,Carmen,
6727908576508974129,Gregory,Kelvin,
6484318244841831049,Evelyn,Larry,
6393131841592023339,Virginia,Christopher,
6173331756221611082,Scott,Kristina,
6383736674833633460,Willie,Krista,
3369990444987677688,Gertrude,Rene,
3014768455555756492,Elizabeth,Arthur,
2237867485607990137,Jack,Ebonie,
6328152739328811436,Kevin,Keith,
7560969523538891621,Marie,Sara,
2046880829556633773,Antonio,Nathan,
7186876346159830526,Jeanine,Lloyd,
4576571659758150759,Richard,Rosie,
7970773020205994638,Amanda,Edward,
5607282854480166763,Darrell,Richard,
1469827645712424261,Nettie,Mary,
6214828144021640024,Fern,Patricia,
1643728558753741493,Lois,Tereasa,
100170288070602574,Karen,Jacob,
2001936492269586909,Delores,Brenda,
6673674837417033127,Karla,Christopher,
6036478822400689799,Darin,Cynthia,
4282994590338552003,Felicitas,Doyle,
7503768991256169861,Robert,Scott,
4707023339669410045,Rita,Robert,
3161179626072119896,Kristina,Juanita,
6987604739480902012,Ronny,Stephanie,
4780182492352968357,Titus,Kenneth,
4435126223220402389,Delores,George,
3338857442652371051,James,Dorothy,
6171118554591398128,Michael,Mildred,
3091197033913397276,Leann,Edith,
5926149537758869773,Cecilia,Franklin,
3248322223296423719,Robert,Dennis,
2967413510097600631,Vincent,Hollie,
8121911643671042590,Jacob,Kay,
956434159321661671,Grover,George,
4293737484259515278,Joseph,Wanda,
4045034346365690090,Rachel,Adrianne,
4902386368542125186,Sherman,Curtis,
282751573285034850,Hannah,Albert,
7826031890099341551,Maria,William,
6013532795814930585,Kenneth,Margie,
3084349642640311178,Virginia,Mark,
1549144587005652093,Kelsie,Margaret,
8409090572890588849,Phillip,Tawanda,
6023629713319440875,Sara,Charmaine,
7172274315315001000,Deborah,Jeannie,
5235326888309432543,Lester,William,
6802576841204596527,Thomas,Dave,
6779085894509444874,Edith,Lela,
4140218057589277142,Jeremy,Stacey,
5325451516021536632,Glenda,Lee,
3780099552670888534,Misty,Anthony,
6430702563005031766,James,Tammie,
6129297335981457969,David,Allen,
7931545106751082617,Dorothy,Katie,
4236035874677440088,Michael,Thea,
6694612106245534065,Roger,Joe,
5455030537342882681,Norman,Irvin,
7060258346952694585,Gladys,Linda,
2993197760136801500,Frankie,Philip,
4927428911401408496,Kathy,Lawrence,
7536974797639265543,Sean,Ying,
503190118922509945,Alberta,Jennifer,
435071957356318705,Nicole,Cheryl,
957402632399145470,Brian,Karen,
2625067862998359983,Loretta,Cynthia,
964559312318697240,John,Lisa,
7603674998336103245,Kelly,Steven,
887174985031766097,Andre,Rebecca,
6327852464347483945,James,Diane,
3342537983039808978,Carl,Dustin,
1941499387668463576,Sharon,Marie,
4412269637469741786,George,Gregory,
1408207971706594742,Joshua,Nicole,
2702464718237945151,Heidi,Zachary,
6003443139953958311,Lynne,Erica,
2513585370526758578,Kimberly,Christopher,
4081051355671131965,Jeffery,Kim,
862088299014222805,Christopher,Lucretia,
2362879943528354299,Jesse,Sarah,
847991898549630936,Craig,Earl,
8446778896460422982,Ignacio,Mary,
1326666805779359668,Kathleen,Katie,
5208875241733793103,Geraldine,Eugene,
4278243049818347648,John,David,
2102985614319913592,Donald,Linda,
7177729084530778327,Thomas,Brenda,
7344106176520345475,Denise,Kerry,
6770639392989110636,Blanche,Valerie,
6403169215846039566,John,Marjorie,
5007360387862504562,Dorothy,Sandra,
8041772422901387569,Edward,Pat,
5669611759222650707,Allen,Lyndon,
558103799055633141,Michael,Charles,
7983204335446664565,Alvin,Phylis,
5745754232016431175,Tina,Olga,
6414242701212924548,Naomi,Teresa,
1281419683098036282,Daniel,Greg,
5009048258942915126,Hilda,Jackeline,
2596383813399089807,Joseph,James,
5709316603743473205,Terry,Christina,
4697579811887781508,Doyle,Elvira,
7681929607148801822,Cecil,Holly,
4855256309101507817,Willie,David,
7218387577920683302,Harold,Laurie,
882394025984594636,Amanda,Michael,
6934206765517398667,Laura,Florence,
5986071168805877907,Maria,Cecilia,
8244541524207241588,Dana,Ethel,
3289589171646905736,Tamara,Humberto,
815732934888358903,Heath,Jose,
2180525965956389767,Judy,Alan,
7239043846800956592,John,Alma,
5345146530911619509,Darrell,Helen,
4852923085340235810,Gladys,Mireille,
8066842501181483705,Branden,Rita,
1099828735266686791,Virginia,Sharon,
2568265610816378145,Victoria,Faith,
5207885872847015539,Mila,Mark,
8239202807167315419,Richard,Wayne,
5347592261426777245,Rocky,Shonna,
3432637757994201239,David,Jose,
4237517994007055362,Boyd,Denise,
7934345537878214545,Amy,Sheri,
4635253809358873944,Sean,Samuel,
7022656950302700902,Margaret,Marilyn,
4402514814611897464,Joann,Matthew,
3058343261226402065,Michelle,Johnny,
471401631913096646,Gregory,Albert,
7902924586268101101,David,Erick,
8245921790436834987,Anna,Veronica,
5283583542890941891,Sara,Kevin,
5480548834283575485,Earline,Sylvia,
3984644093916303394,Patricia,Elizabeth,
6477653971265143598,Suzanne,Christian,
802054004579102890,Clarence,Jonathan,
