2018517238,396784,5805537,CI,6127880,6138171,
7149967231,4912770,2167661,ID,3389050,6217826,
2502811869,1906155,6719466,CC,7255881,7400374,
3404851012,2984443,3427687,ID,3512443,5777582,
4342172954,2935090,4044466,CI,4839019,1537243,
7587659328,758233,1749946,TI,1689187,8292328,
7054558321,5191965,897187,TI,7249972,577047,
580029389,5108481,714991,TI,5499958,2984041,
5730672314,1640507,3134184,ID,8106968,677119,
238319998,4810201,4124194,TI,6125929,731305,
1762234081,734293,232906,CC,653413,8279291,
5502541026,1146407,4378901,TI,7282246,7181667,
7261711709,6238850,4237235,ID,2103925,8462328,
805353692,7979435,8008887,CI,6182020,6129538,
3746194768,2398836,303523,TI,6921015,6193490,
7585983,6926500,785908,TI,4050014,3174232,
889475267,2510564,5003418,TI,1232398,6975107,
2816889537,8103389,536817,CI,360067,8562086,
6090647761,7303127,4225316,CC,3063310,529112,
5067076873,4049158,6548233,ID,606069,4195608,
2226066133,4418597,7075526,CI,406697,1094477,
7609814820,4312135,302817,CI,3515261,850659,
521548009,3231579,2186176,CI,4305393,6269529,
4012063097,913645,4707649,ID,5809738,1363591,
1824423274,1044418,6671081,ID,6245368,504623,
4316676662,676883,2664650,CC,670997,6711803,
3668019310,4941875,2534723,CC,778276,2338168,
6684210637,1924723,6296276,ID,1682932,3871149,
8390218238,7849097,7464527,CC,5779174,339479,
4447602339,967571,535116,CC,5525246,4621300,
2543799675,4309436,4532159,TI,190967,5722734,
2243287699,2545802,6272717,CC,2359360,3637220,
5796067983,5090826,1262916,ID,3462972,1085447,
4906285859,5094457,2465796,TI,4462319,1840012,
5054293227,682346,3152880,CI,3700537,2320885,
7318071298,4706712,5986692,CI,6958307,7132657,
4012632834,8255792,7222443,ID,515159,2350579,
5471893944,5124068,6042211,CC,986390,6017562,
1530390214,2830221,3395834,TI,4321758,3684320,
6755313733,8015647,2115262,TI,4243511,2982084,
4986850643,4265936,1297602,ID,1671688,4430694,
7852338248,4907565,2330666,CC,6764658,8285610,
3400820430,4167311,4689405,TI,1720181,6602101,
3344997152,3445490,483516,CC,6364072,5994820,
1753125102,4624216,6756227,CI,5586109,8398796,
8253602273,4058367,3047793,CI,3018462,6922857,
2473700362,3710786,7290958,TI,1160661,4640167,
1166468146,6371578,5203807,ID,3368957,8007571,
5870119367,2307014,2830643,CC,4176747,254540,
1507917704,2332480,5428929,CC,3989775,7793928,
6316071807,2489646,1097478,CI,4486817,1712050,
6059835368,4938171,4738383,TI,5095764,7301167,
1234522907,5753345,4895261,CI,2499649,375864,
3451755106,5614004,1766339,CI,2299238,7052854,
3952679071,7664107,8538721,CC,6827209,7132864,
4393603614,5017413,4441626,CC,6987728,6196009,
4143402016,7537026,2516009,TI,3553896,371040,
4788903089,6200214,2478935,CI,7396185,2922598,
4286020298,6828427,6113471,CI,3773133,4459908,
5161999580,907675,3330993,ID,4711367,3353702,
219233468,145512,2395619,CC,6051536,567774,
6680317677,3045594,2277860,ID,6789700,3647968,
2232494081,6487846,878124,ID,2046070,203385,
16878148,5029142,3018890,CC,5979139,4051974,
283206764,4129520,596302,ID,5516964,1754422,
1551501021,3065473,948238,CI,6252035,1604318,
1202445015,4717788,5484567,ID,3633665,4979599,
4057142570,5079085,2873241,TI,6631650,6471716,
6951320358,2011635,6791151,TI,4847364,3676399,
881779225,4291781,1592591,ID,1971609,2167309,
6485808703,5087835,6686093,CC,6623385,4361303,
2071636211,3989150,4259297,CC,5342805,4946534,
1013324114,5668030,4666442,CC,8178701,7680640,
8325337139,4803835,2479741,CC,1338313,4214525,
5393574980,2832042,1855963,CI,556045,4090806,
1629383051,4788967,2658012,ID,2981155,7308649,
5518702229,5791034,940898,TI,844326,7049409,
1692488308,925248,2847320,TI,1878026,6966633,
1575594440,3045825,6617848,CC,8437671,8177783,
4646336979,2296552,4430633,ID,5037612,3374182,
1410107123,8008003,2622277,TI,6588521,1085877,
5111495157,5238740,7320787,TI,1245072,8540766,
6116333906,1211445,7320874,CI,5526396,6205358,
5042200941,7577541,3264302,CC,7860542,1107297,
6235363595,7434945,226071,TI,823175,8359392,
1641782992,4399132,2636439,ID,7168371,7742270,
2075164140,7331608,4215187,TI,228223,4984277,
7356958331,4553626,6585190,TI,1077916,6536475,
1700752033,2424889,2209451,TI,3835520,7463470,
7044625055,5579477,4963919,CI,2712720,7358837,
7735260637,3135359,3856690,CC,3345610,6429261,
6795954784,5822702,1896060,CC,4113863,5878690,
2897422231,8048139,7641246,TI,2493697,8137588,
3705269075,6197491,8164396,CC,1464619,2654798,
2753436821,3005955,54587,TI,2001314,7687823,
2405058547,5681560,6797074,CC,4974604,3084337,
5779417392,6772971,3911288,ID,7118564,7379200,
8471071646,4898248,3850863,CI,7932025,5038644,
3634448754,7112029,5337996,CI,2568688,2416449,
8405842469,8304915,7562898,CC,6705733,5758088,
233831327,6768268,7980514,CC,3799695,4026921,
5999609655,1704374,7466985,ID,5746157,6375161,
7260042815,1452392,2033024,CI,8299450,6147866,
8392350475,5652980,2665557,CI,7492760,5572686,
7365363505,5592912,5905237,TI,1471565,2373068,
1756402941,6503846,3622325,TI,3599689,7604069,
4049191795,5609047,7753902,CI,6133134,3467367,
1927451564,3285360,1648603,ID,6947687,2366866,
5766552717,4907035,3371129,ID,2065053,6214197,
3685727957,884111,7926403,ID,1070040,7907385,
2452624936,4901706,3305167,ID,4190284,5699805,
2264017014,4666869,4423432,CI,1736964,556043,
5805978597,3366247,1519787,CC,3378350,5082517,
3133847119,7462253,6528478,CI,5484055,7822021,
7691631799,3106611,8230755,TI,5563683,5498545,
6380592457,2891852,3441008,CC,6783947,1625132,
4497670523,631852,5892662,ID,919425,610789,
7045900093,7672925,1048356,ID,3299975,8040689,
8389716588,3103050,8261904,ID,8467491,6488657,
2231375189,2567456,4830164,TI,3025457,7949285,
6465830295,1731755,4636199,TI,7121897,1516115,
475743239,1560861,4874141,ID,6212448,7247835,
7389322422,302443,4604640,CI,4674164,2689627,
3529898793,1173713,8407058,TI,7808718,7169156,
7793192994,6544802,7064216,CC,4890415,5273857,
7612754450,8298081,7845699,ID,7417768,433533,
7417312989,7164829,1950038,CI,6352867,7847084,
7174368435,5848821,2576002,CI,6542742,7513680,
5488900395,518397,2975519,TI,7746109,6358676,
5827720256,4119948,3094262,TI,3371191,2541440,
809508640,5347896,8315697,TI,3395668,3139760,
4967268957,1577453,2709281,TI,3138278,1398138,
2014627573,425993,5583796,TI,7388453,7684479,
921515881,1343957,2220968,CI,4873412,3177648,
1090343209,4176343,1589361,ID,142030,7668309,
2638292741,3895349,8321083,ID,4108816,2572445,
4491075122,4472165,4683197,ID,8039866,3422475,
1214468469,1266847,2234254,CC,5868609,696597,
547335954,5098798,5852329,ID,2882457,3439473,
71128465,937503,5224527,ID,2982025,2112794,
4843914562,2797688,692224,CC,8176065,3390245,
2866326986,1310814,6920931,ID,2843932,5283950,
273141367,241086,5544965,CI,5341717,5079836,
1357573933,5209954,3053972,TI,4134893,506088,
3013145549,7505683,4572808,CC,422372,6896698,
3602813388,1959536,3126054,CI,8487850,6947871,
1735395935,6563089,6683574,CI,6457135,3571151,
8035383230,3710657,616704,ID,3041738,1898512,
2357220003,1313502,277234,CC,2958408,2754607,
5358069351,3934251,7570240,CI,4697236,6087106,
3894794391,6059264,251014,ID,6222348,4470835,
7961475784,1512418,3699878,CI,6482472,6592788,
7158085472,985323,7317710,CC,2370772,344877,
1971947387,4378495,5791489,TI,6338167,2784901,
3895401167,62839,4603859,CC,1680517,185128,
1782025043,2427664,1760755,ID,62747,4806394,
103653273,415662,5758540,ID,2851462,6983206,
3068393322,2722029,4046289,CC,2928430,4757333,
2286996483,6568987,1799012,ID,7690998,8045254,
2308599413,4958188,7777110,ID,3646310,2502551,
4531018962,1921620,8028599,ID,7688058,719676,
4540141044,2377604,4128463,CC,4965145,4613993,
5657480128,506222,2034405,ID,2974716,3308600,
7404250218,3760049,7431949,ID,5282477,2417367,
2982432460,7462182,5520674,TI,2563848,5306465,
8400717164,1378312,5907782,CC,4139861,1673542,
1879043568,163411,4299745,CC,6582859,7743987,
4291171421,2423624,4731704,CI,7946565,2210565,
8276876700,4054937,8170474,CI,7778975,6778411,
8041689697,6273059,6481243,CC,2436158,147288,
5434739438,1543512,7464881,CI,6594645,506618,
2309521195,110710,1729348,CC,5441450,6440053,
5528109372,4129089,4154256,CI,8205321,7110557,
1054655123,269057,4108220,TI,5601781,6307344,
1797098276,4981224,6553998,CI,5584103,5273491,
6990349553,7664768,2363623,ID,1231827,6096251,
8493331552,5679682,7291955,TI,2939512,5744392,
2620063105,5071199,386592,ID,7915110,8195652,
5857090705,3112917,3367874,CC,8508686,3399211,
8283142543,3803216,6462429,CI,75647,2564715,
5358787981,8233909,8396709,ID,8352633,5786277,
3878263919,2913675,4094054,CC,7270489,683670,
1060437541,7867920,6814286,CI,4924047,5253222,
4040497941,6587982,2306682,CI,3237816,3429837,
4855788969,7940750,4410815,TI,621645,1177176,
7206007897,7961464,8285274,CC,1161288,987940,
2709183681,555112,2471106,ID,6916165,7800293,
6057511978,2800372,4863252,CI,6532237,2336450,
5316558785,5576936,4132815,CC,5136475,1409614,
3020548600,4877075,1082016,CC,4894515,782070,
7709679047,533210,2378455,CC,938836,8477987,
7360244035,4733396,7571188,CI,1679788,4468357,
455111169,1938432,8438771,ID,4455753,6696147,
1496030394,459609,3410773,CI,8009321,8190651,
7860686624,1551238,2852166,CI,1696158,5291650,
1054277756,1164821,4235238,TI,7543577,2518236,
3178915477,141005,248462,TI,1247601,6853046,
7612046735,6327146,661548,TI,3298903,3861207,
2048332349,1259469,5185337,CC,5957502,2373052,
5215056157,879252,2604037,TI,2084520,1150061,
5905021169,6629887,5591988,ID,8183878,4234930,
8277866695,6101816,6617346,ID,6517571,5684696,
4528743836,5235225,6801330,TI,1175584,4116034,
4263061060,1060379,3018344,CI,8364857,5436473,
186262359,7904930,4290165,CC,5043467,737570,
8408416184,1759538,1873734,CI,818126,8032168,
8529393790,3279791,766844,CC,4033105,561677,
518947819,4361493,7365988,TI,7723150,2674929,
613475333,1644490,3575993,ID,8465354,6163595,
2201955818,3713303,896924,TI,6935257,7692188,
7696402683,7707830,7011869,TI,6472229,4145359,
758575706,5930822,4704280,ID,5662722,4511867,
5185052289,7310701,3046181,CI,6301296,2635055,
748282718,6223806,4947764,TI,582604,5039196,
92527322,6199334,4890681,CI,3930341,6277371,
561860101,6743010,54058,TI,3504594,7105786,
1176712841,6272775,8253212,TI,5059875,1576280,
8265216860,8192577,2218754,CI,1862780,6467685,
7063754530,6311317,7019828,ID,7577254,6902053,
8553907754,1290334,1732860,CC,5340981,2348686,
805278169,6238187,4567462,ID,238211,6649866,
8374112681,3821582,5794216,CC,6510144,8324240,
1232436413,1597060,376538,ID,2932675,6741894,
4957352685,2304713,3086097,ID,8507958,5216736,
2903880894,2912376,7909866,TI,6549348,2127983,
8490079561,4637833,1812601,TI,2749912,2451049,
3598959315,2438904,8022725,CI,824912,1170783,
2089827667,7573840,417888,CI,2426414,1924383,
409149901,3041523,1951671,ID,4149871,6270134,
5163638745,8137764,4878432,CI,6004906,4858084,
66215897,4735382,5075244,ID,4408636,232396,
7324011813,3166823,6084355,TI,4071617,7219615,
6280657488,4598243,1910441,CI,7197604,5079181,
7111048497,2047341,7597343,CI,2931451,2170705,
5886898890,5465625,7643594,ID,7679233,7326054,
3331918291,1087782,4220594,CI,6750066,3944806,
6816510083,2852094,1843290,CI,7663238,1567949,
35169294,7831996,3118152,TI,4053371,2661917,
3900968659,1013654,6885213,ID,1577437,6477827,
4432267873,4942295,3780347,TI,2789380,7832750,
173489597,3382849,206765,CC,7683739,7641490,
7150758828,4474654,2017878,TI,3830733,5325626,
4698284705,5066186,2252966,CI,3415556,7564405,
4478274814,2472489,6054618,CI,6014396,1157796,
8289621977,1101307,3730661,TI,4583795,1596782,
8089845269,3273315,2674492,TI,8362594,7301280,
1439263423,5259017,7978535,ID,504090,5772585,
3468544278,1426480,7573715,TI,3296166,3350256,
2947272949,5278529,4751025,ID,4642901,4829763,
234841153,2354842,7623325,CC,744343,4054019,
6342422917,244952,4365882,ID,1327050,3193643,
3924279904,3849118,575699,ID,2033798,6092159,
4168975842,7455001,2756435,TI,3730747,4018001,
840725590,1854146,8055397,CC,5063856,8309623,
2614888390,693528,31427,CC,3645381,7324444,
499412865,978312,6343259,TI,6995708,499494,
5035123296,165960,4706463,CI,7513202,7708868,
1490295399,1291593,4678944,CC,8035546,7301165,
2972726552,241292,8109198,TI,2574904,4636926,
350536326,4385675,7116815,ID,4387053,5113062,
755745344,2591301,1218927,ID,8120281,4349355,
2717383937,3331977,3019545,ID,8131954,856090,
7836137029,8134190,5563431,ID,1532560,4589744,
6408589750,3597920,218670,ID,368963,7020373,
8434599439,2541865,3516247,TI,857954,1855894,
5127872192,5034247,8557878,ID,7482733,2267729,
238085881,5253766,5396422,CC,1280292,8078860,
5177679578,7235845,6079468,TI,772360,3914825,
5532579508,4808482,7578425,CC,5233572,7903285,
2356135096,5370585,3149021,ID,8262695,241286,
2090914084,3645805,3956839,CI,3367011,3629550,
6998243068,4275682,6906483,CI,7245891,7222181,
8326332913,1302525,8264734,TI,3624016,3555757,
6005271786,7872234,1375309,CI,3316781,6721141,
8527584135,6446408,8523265,TI,1666267,2862493,
2403112718,340849,4861995,CC,5711451,8160205,
6541569374,3945242,8234677,TI,1492011,1696874,
3429419371,7446337,4818520,CI,2782984,5726190,
8416681552,8081179,6410626,ID,2604022,3215210,
1931232716,5845636,5407802,TI,3786735,500074,
5722430069,5119885,3397323,CC,8517693,2901073,
4749562069,5873011,7982842,TI,4190123,8499140,
2799226003,7811214,2327956,CC,905082,4305699,
2712628045,3396010,6633594,CI,6778652,7284756,
5471083087,1954501,6535219,ID,5225294,4376901,
4310786780,61657,8001683,CI,636896,1825579,
1274617184,4432714,387284,TI,853540,1993986,
551409466,8211125,408857,CI,6882304,3933633,
6205131807,3951,1711573,TI,5925294,4492175,
304186799,761498,659782,CI,7221144,1545339,
1274185104,4333139,979198,ID,950239,7605681,
1854054858,5943810,7527009,ID,221384,6234786,
4367770199,1481561,7959033,CI,5741289,618457,
4422499525,6560721,8326090,ID,4900955,6823314,
159260684,2655702,7739282,ID,5455762,8217264,
539625931,3247487,7336667,ID,4006279,695463,
1845800937,4928540,4755594,TI,7868575,5883451,
2781503498,7720558,5904183,TI,4178530,5017667,
1495044370,6524806,6995404,TI,4487687,3621045,
5214755650,3953804,7016645,ID,4039277,4366365,
4535839522,7441844,2010119,CI,775406,8320960,
2729411978,5823868,404153,ID,7442313,2626863,
4863933748,6085106,3820910,CC,2220095,5691410,
5718706546,6981646,7639934,CI,959312,8353932,
3844336019,8265652,2138536,TI,6583872,4377391,
4570516331,7343928,4935337,CC,5257303,8215590,
4728970061,8294062,7052906,ID,1352643,3382941,
5834348336,2228119,8223949,TI,2400738,169423,
1222124337,5873762,5104854,ID,4252355,5556285,
1585790307,5161455,3217609,TI,5269509,3033697,
7184840633,3310002,1135215,TI,8314831,2444310,
8279715259,3747124,795808,ID,2438715,209307,
7436280663,5268046,7442487,TI,2349748,1322480,
2049896471,7096223,7886051,ID,4473531,6034203,
370789642,7219510,7585507,CI,6107288,3800700,
1308510201,2791413,525687,CI,1594264,7727513,
6390011950,7455560,6727846,CC,8104195,2687,
7265688104,270385,3746324,TI,4304512,8478046,
1062490601,84422,1868755,CI,2960691,4786026,
3539803063,5976262,4929066,CC,4841480,4253715,
4686813361,2507190,7579884,CI,3935518,3559685,
1715470713,4952865,1161702,ID,5726948,988987,
8028731814,2585226,6669208,ID,6134746,6550086,
65836338,367003,1647570,CI,6738555,4790390,
3725382265,4603134,4739194,CC,8503988,4875427,
4074056073,1768030,4198005,ID,5408607,3991872,
1426417591,3408414,6693221,CC,869915,166599,
4950191246,5059226,3435684,ID,5593156,513255,
5682431014,7353831,6382361,CI,4221873,2589214,
6596462613,6731729,2393042,CI,961583,1664409,
4221836781,6233975,218802,CC,4167476,4583737,
2676763306,6897359,5585175,ID,7352253,5818943,
7835422454,4669688,2981155,CC,4662215,3627230,
5644819586,671388,5072919,ID,8538295,4748526,
3471024826,3784621,592830,CI,2993726,2249599,
6848925215,1902208,6820176,TI,2717191,5956064,
4023074992,7658053,1762476,CI,2852982,2005732,
3948109028,3537815,2309053,ID,6410334,550711,
3989840949,5062175,5658066,CI,139863,5144336,
1475141904,268665,6906519,CI,64677,6547633,
7461279365,7624824,6032844,CC,4020760,8283206,
3903605107,7050428,1594505,CI,6208919,2790018,
7453549767,3062522,6645061,TI,685553,7345662,
1361957981,8422936,4637838,ID,7886041,7549221,
4473882398,6762815,318312,ID,5905865,5500726,
7328078768,6760075,5429791,CC,1591373,1430881,
2934605348,6915066,4125866,ID,6824015,4108912,
6349791626,7751486,5310685,ID,7725371,8478905,
7180986992,3301765,3937675,ID,6465575,754718,
7881359220,6123121,6761246,CI,4337727,4000475,
4110379126,7593182,5831842,CI,2679852,3477442,
5492744005,3145004,3531320,TI,1884616,3126001,
4149689983,5055490,8547282,CI,3273746,6982241,
713330740,4887097,5537071,ID,4458274,7407440,
4409684951,2013758,7963245,ID,8232213,1118671,
6742983911,3491557,2963470,CC,8234454,7759603,
4919451933,3966928,1375904,CI,2865851,3473849,
827114893,6342356,7059282,CI,349468,1929556,
2413228506,7946026,42354,ID,5622154,6837320,
2678740720,3182026,1157210,CI,3496369,574767,
719808401,1561500,7596595,CC,8031840,2908583,
6788380986,4823891,352585,CI,6988641,1450782,
6866056053,1408538,5667141,CC,3867317,3621467,
2832476428,7146758,5299555,CC,2430531,7736786,
4232307697,4032808,5987375,CI,7897165,898493,
5821532410,4099458,868664,CC,4353496,1207353,
5797507247,7523890,4234086,ID,7892408,4633595,
5309558502,106194,116175,TI,1426885,1075307,
3907996934,742915,2083435,TI,8387765,2841378,
2178241921,6849194,3002378,CC,4323479,319668,
7263166869,7377175,7073908,TI,8429883,5918120,
8352812922,4776725,1907544,CC,5996191,2865773,
7232622982,6654902,2838504,CC,7085435,6405063,
586820676,5396296,1042493,TI,4783162,5523041,
1682436101,5173531,1237724,ID,4223731,5881011,
8167450605,6722523,8434785,ID,7062076,4243224,
7899183415,6895638,1782273,ID,3017340,5794921,
443138849,3272971,7675330,CC,3993102,5252554,
7026767234,1783653,1526139,TI,4418377,775442,
4507823302,6037579,3589609,TI,5486357,2113302,
7596569845,2228976,2182766,ID,289643,6756850,
3846783663,8244988,6050123,CC,4390861,8441298,
3115047333,5088827,7685631,TI,5800485,8093360,
5487747873,3739245,1219302,CC,6240090,4951286,
511161363,1406584,5583403,CI,5706822,7832997,
5791146128,6100184,6338975,CI,2256878,2197689,
685076513,2291691,6356355,ID,1214014,5568181,
217317420,3359697,6326531,CC,1043368,4609793,
4322015258,3752855,6095096,CI,2589614,5331094,
2481460399,5703478,3484352,CC,5794569,3826439,
4025184642,540879,4121754,TI,771048,3263970,
3496141169,4205818,2967135,ID,4998238,7261448,
3774919273,1690583,6517400,CC,805930,5009257,
5210137180,960828,6292745,ID,2911584,7073627,
7719990936,666751,8550602,CI,4060394,7632202,
6691890596,1148960,955095,CC,6573907,3176457,
1842611391,2189694,5661338,CC,3774379,2898844,
1244297609,1100345,4720366,CC,8223197,6779396,
3198127234,2941038,5057780,ID,7494247,3382719,
854578340,5480642,5338320,CI,1006720,8274620,
6292959225,161832,2689146,ID,4170087,1270950,
5378325532,8332547,1093670,CI,2297530,5090054,
3864284676,2635215,21422,ID,4819900,2233690,
2724117834,256832,76322,CI,1050778,3762604,
7203241774,1382549,2618695,ID,758621,3078571,
3951147831,6826566,3310560,ID,3350356,6603409,
7027846935,1988737,7705601,ID,2930606,1112970,
3029005825,642150,6845456,CI,2950771,1709622,
2297861837,3288951,3446180,ID,2305345,4313641,
6943403740,6655850,5924998,CC,5262118,4213195,
6851042466,4476992,7164573,CI,6867048,5757042,
3190683955,5579360,5408849,ID,3302810,8284213,
2874971420,1372367,4446846,CI,8399982,5032196,
4600032183,1670468,5502521,ID,5786513,5499715,
3486378360,7125426,1821664,CC,3109524,2618040,
244210701,6964029,3578168,TI,4623047,762888,
6794689724,4056366,8488271,CC,7593101,5934538,
3556512107,3974389,7823591,CC,2039020,4106057,
7735572392,2397188,4877833,TI,600404,6321561,
8528145558,6488466,6664824,TI,5364520,4722318,
1970671156,880294,2354190,CC,4337215,1148168,
17081180,7351475,5239455,ID,8015142,2894948,
3653524717,8077486,2959257,CC,444789,3883955,
6790637581,7499877,8159592,TI,4449848,5579830,
3499379684,6295083,6219889,ID,890259,2976778,
5786946061,5372990,706769,ID,2145125,7112691,
7478041172,2223276,1429737,TI,5487220,3833630,
5978253006,6931594,3645267,CC,5038833,3010101,
2391269416,1774559,4462642,CC,623798,8049018,
1258372348,7850499,690551,CC,6667751,2484534,
1794968980,431661,5289115,TI,4240801,7060593,
2280581454,5518827,7168214,CC,8562253,4222654,
3330992912,1290799,2433450,CI,1774221,4580230,
2383622013,7747481,8249962,TI,6374292,1705177,
4362989014,8522270,7192767,TI,6404493,1889648,
1283202499,8430849,7742236,CC,1589100,7661351,
1712248538,8063196,3925355,CI,3443028,8485911,
1794660995,4341401,2779052,CC,1224786,3286242,
4827156426,4043199,1690525,CC,8091469,571667,
6739497084,4163329,2394819,ID,2419432,4329332,
8008638954,7694081,2063405,ID,2970725,7672919,
5034826239,6823107,2299174,CI,3243341,3253530,
6796383230,2187996,5842072,CI,2593462,7510990,
602172554,5327725,8051633,CI,2471187,96958,
1107895753,7653359,5484500,TI,5502128,6329156,
6549727996,4709276,590054,CC,4390829,953525,
5148477420,2343826,4652883,CI,1965857,702995,
5437708060,6631703,1196769,ID,7583597,604951,
5578360667,6408981,5804073,CC,8140797,2302105,
3501563678,1743181,6716822,CI,2970357,1313337,
2148911438,1671360,7407330,ID,4286385,1920262,
3279012402,5439293,7327970,CC,4896230,6708359,
5475422127,7354770,7746916,ID,1304288,8232901,
7810662115,1197327,6469690,CI,6498228,4928845,
1487787975,2467401,4763933,CC,6488759,5281030,
2186228550,2197754,1872115,ID,4025426,392309,
3048346637,6560333,3634295,CI,4418052,3774775,
3910509747,7009978,4411308,CI,3302915,7587739,
816199403,6985183,2299018,TI,8526504,7718628,
7906799768,994754,3949170,CI,8393042,8031360,
8429817074,6042470,2722191,ID,4595309,5674585,
5963394780,5357257,374317,TI,4060701,751330,
3991031611,3273676,1831357,TI,3665861,7637628,
4578165031,4197074,7872817,CI,3352978,1840440,
8488497865,95185,440172,CC,4679857,8011852,
1741772767,736342,834132,ID,7260733,2666700,
2840063895,8060645,6306645,CC,5234343,6500703,
6192190982,585854,461548,CC,8081076,8438886,
1480412750,294222,4622780,ID,8378331,7184177,
2021205590,2889873,899395,CI,7269080,6262030,
3737869819,5141441,4208019,CC,2281842,2656819,
8402948854,2609599,6015258,ID,1239140,111791,
1688609564,3626897,7124107,TI,2015379,2662938,
4830629056,4401116,8483324,CI,3949086,3982151,
6327029564,2070607,7029163,CC,6903549,2338462,
1314690863,5672710,2884703,CC,7186920,292277,
4152882480,3776874,7228119,ID,2689809,2741759,
1001964778,7247372,943319,CI,6265430,3849883,
6810446855,3418711,18391,ID,7827865,6098659,
2754186769,2621992,1724030,CI,3258032,5494516,
7255061586,3848086,5303038,TI,3698537,4402268,
7787568214,268279,3056715,CI,2959160,6753941,
6325656091,3672348,4033455,ID,2105551,2683443,
7482052680,2750267,2852298,ID,4009100,7066458,
2630736157,5707352,3113200,ID,8075636,4579447,
8060700078,6763722,2269567,CC,4711210,1240249,
6762315585,1859660,7601339,ID,6365839,6168935,
1619990689,5367393,7303324,CC,2226698,3008377,
468943618,6470278,4369844,CC,256029,7715776,
1331820879,6891557,7288479,CC,2589434,3387514,
2929820034,5892297,6554429,ID,7852029,8278145,
1002643921,5012683,4749464,TI,5818033,1564951,
2340436631,6429374,5792440,ID,774091,7140165,
2857790481,4583202,4335658,ID,5107314,5793801,
2237516176,6549460,7482209,TI,1093024,2396711,
1154657365,4646144,388588,CC,6844705,5552849,
6678845213,5430816,1675845,TI,1871952,5692439,
2205351514,7159162,3486255,ID,1594667,6294806,
2175327917,235704,2692173,CI,8049569,5381564,
474288940,4166151,2284744,ID,5936244,1094394,
3244521018,4405106,7986629,ID,3746198,6247605,
573545394,1193562,1464007,CI,5703558,1723659,
3943310949,2957229,7422415,CC,281901,4206349,
7254398366,2770634,8506520,CC,3694538,1386655,
7192632936,1274128,3485601,TI,6678594,7931588,
1019194843,5657557,3585057,CI,5317655,3634858,
1848293719,424527,6851223,ID,938932,4699992,
5851087751,551217,4988164,TI,1484437,544660,
857412385,1898977,7103299,CI,2527367,5791293,
2752632625,5813455,6744851,CC,7747259,5732737,
1899213827,3541611,1209074,CI,5338004,4567817,
1593688435,4113368,1499520,ID,719093,2329426,
6681081333,8198378,7929948,TI,2511648,7922487,
3845841372,5509293,2201230,TI,6922795,4537774,
2147803305,2534533,3856293,ID,4985324,1693635,
6086543032,3924886,7450924,CC,2898217,3191185,
1450057228,4255720,5625707,ID,2954590,6131443,
3595649570,3332540,6749522,CC,6031670,6774772,
937237702,1206084,1227853,CI,8343602,5382227,
3365879083,7791815,7057402,ID,2248408,7638982,
52681739,2897508,801694,CI,2491300,672286,
605557874,385490,1999500,CC,8031079,6593644,
7675804058,5166236,2671098,CC,5529652,1224783,
6094106135,5434983,6372145,ID,1177626,5237334,
7736420242,469068,3822922,CI,7286946,299465,
5875681651,4390933,5691150,CC,3786783,8461652,
4071030145,3719454,2605835,ID,4120679,4230194,
6225645389,7277000,549020,CI,7597098,5594989,
413048400,8447841,1093159,ID,2901032,7275552,
1833710269,4397079,7574459,ID,5528113,6753390,
7507801178,770636,6855690,TI,4435256,24703,
2575773398,4255774,2681598,TI,7863498,4444158,
6000946532,4905178,6998295,CI,7311113,8500360,
7111562773,2500713,4265657,CI,7191174,3334391,
6827284069,1321363,3951783,CC,5440289,2558534,
2934824480,1100370,5014220,CC,4471073,3142911,
8446064596,1756260,1861852,TI,3044808,7188552,
1408938966,5393446,6121308,ID,2748370,1274531,
7122438529,194582,4573957,ID,4875913,2103433,
1515844601,2440329,6578660,ID,3727627,5387183,
8347433888,1432158,2086058,CI,1664298,4977102,
7915076164,7771725,5920349,ID,2543676,6522420,
7223953186,565927,7741606,CI,750646,4120200,
687124374,6712110,4170761,CC,7207432,5310361,
1049661391,3487085,7968271,CC,6460594,7313233,
4408215721,4784284,6364643,TI,5863017,5301784,
5502538099,7080376,3078880,CI,1818951,1451248,
252348960,5912823,4236880,ID,467642,4144592,
707478517,5637985,2729092,CI,7922696,1993909,
321561903,4288106,5413941,CC,3776868,3288285,
8102324296,5649722,8309081,TI,5378523,7920935,
3647271238,988020,3084453,TI,5816411,7904174,
5667356067,141758,7604287,CI,7490837,6345850,
2904269915,3139603,4092070,TI,500582,5199717,
3720258835,4756481,3304475,CC,7407073,3570329,
7820874097,8115001,8510229,CI,625615,3226884,
5065977844,5942766,8407924,CI,4564100,4740785,
2210248815,3692740,4995561,TI,1260979,7972009,
4691162400,7983954,8550197,CC,7468853,4944741,
733105736,2209844,7604130,CI,3091670,3764760,
8536689080,6618905,2395690,CC,8467869,7229273,
5736558830,3414019,233611,TI,8109320,3863175,
1378600273,5470741,5822287,ID,7108971,1448801,
6236431494,6901570,6785625,CI,3093296,4038156,
3816215946,7107172,2301765,TI,6497251,4346898,
2500921730,7612902,1267895,CC,2024564,5450762,
123533258,195473,2960378,ID,6804558,5998166,
3544929020,5443703,6244923,CC,4987495,7161486,
8510102113,1598016,4299946,ID,6115193,2879290,
3921377364,7215503,2868107,TI,1566066,5854813,
7026921918,365685,7513819,CC,3127283,8368702,
2090854410,6262297,8529178,TI,343650,5757486,
1276879298,2856015,2219603,CC,8286205,2049320,
2015398343,4526027,3883678,CC,5780249,2437741,
3830428787,6070666,3265786,CI,3543687,4866918,
1475556033,8037983,6162695,ID,5341113,1416554,
8385950275,3843562,1779387,CI,2612167,3166702,
6786827923,7820390,3866040,ID,6921673,7378557,
7713413995,5226169,6511509,CC,1049042,6456855,
2095715672,6373872,4716716,CC,6194025,79257,
6139564718,5993166,4532754,ID,3108621,6370002,
6690085570,5523973,7248560,TI,651163,4213514,
4678034206,4801818,6700618,TI,7809309,2434205,
6781570044,2059050,427201,CC,5448741,7456650,
1205645291,7070521,5797058,ID,2093089,3312637,
4933788429,4360790,1651731,CC,7508489,1562091,
4135170775,3948962,3182307,ID,6359857,7275874,
6504062380,5863336,2918053,CI,6122920,1731990,
5513733507,1185340,8333999,TI,4422917,801939,
2780390918,3255276,4133503,ID,3716297,7607835,
6176938548,8278701,3020160,ID,2437524,1941922,
6682046872,5019545,3644506,CC,721741,6307482,
3342392995,1695168,8031269,CC,8401937,4216552,
3902259268,4386365,6528990,CI,6953189,193421,
7946937381,7515547,1008512,CC,6534337,4859724,
6709701501,3992316,5765619,ID,2653554,7121202,
7969511190,4257443,1244584,CI,6887051,5863345,
629580752,1231530,7405153,CC,2000030,145069,
1844958023,6165146,2230691,CI,8367264,2889783,
8207014470,7551430,5714922,TI,4864379,4123736,
6562295454,5723410,5058746,CC,7488063,6530456,
6629156986,6216076,1730761,CI,5961390,2084843,
5128425237,3751905,7014743,TI,938025,4641068,
1419827892,2091007,4629902,TI,1320833,6404318,
5979851577,4081778,7222284,CC,7465001,6177766,
4562573254,1863118,8239876,ID,6811310,6153787,
6914692816,2032332,5564833,CI,8324382,7855577,
3750305226,4010832,1086652,CC,6316946,6658476,
4708423539,699915,8304957,CI,2592752,4046708,
10799279,4587772,5336381,CC,3108853,6213664,
2014989945,1381271,1550451,CI,6268884,3295051,
8136187762,1119339,5202392,CC,7275527,3311197,
7595932869,7066347,7553523,CI,4581816,2134182,
7222616568,3303752,8391092,TI,5161757,886126,
5382460079,5444637,2148845,ID,697298,3912395,
284351173,6741958,4294393,TI,111020,3752561,
3034738649,6062002,7056726,CI,4137246,443603,
3663569162,7222613,8149616,CI,7402894,5515375,
4616525605,6554904,1174643,CC,3878404,251665,
6859283236,4351747,216206,CC,2561871,2127611,
3256448016,1723254,4177327,TI,329046,6836230,
1986843364,887025,3506175,CC,8286797,495397,
1894750578,1844498,3304727,ID,7004098,8562993,
3277710659,6412681,7563140,TI,1435178,3700620,
6467319487,1248371,7932922,TI,2372929,4744852,
3388275372,2827980,7048348,CI,3806456,7294414,
5924643544,1363374,592063,CI,5685400,2744520,
5320890156,1678571,4107736,TI,7537517,8232833,
7682849028,5089070,8330073,CC,5173435,1288754,
5841909154,6136638,6009361,CI,3210083,5251248,
8015137865,128702,85330,ID,703155,367574,
798363023,952893,8477418,ID,6726014,3606127,
3437024394,4998824,6741376,CI,3486645,1905643,
4573201679,6699865,5535489,CI,1110492,3161217,
4391211494,311515,4683819,CC,3905545,1440812,
7147329738,2586577,8314838,CI,8448945,21448,
2358727167,8528930,3684149,TI,2733847,5762022,
5414640714,2577970,6556573,CI,4893866,5143898,
8483883519,4172990,4903591,ID,8091292,945565,
1590187499,7696742,1888444,CI,7384499,5272658,
4049795288,3223071,1909571,CI,7753831,1296652,
4509254622,1547170,5896705,CI,2705974,5573590,
2309635323,6835308,4745295,CC,6483284,8430774,
2508597708,5727092,3454486,CC,8558914,6421781,
260562737,1583041,1041779,ID,3193051,5333164,
3561986889,7540161,5378231,ID,6679215,2541642,
2053179441,4933142,4304476,TI,6755679,5950884,
1905897762,8281810,2925965,CC,2154558,7849908,
1354736668,1916508,488176,CI,4837112,7507163,
5141896369,8500212,735553,CI,7436112,6186691,
5081497329,6941389,4098734,ID,7662679,1708437,
3130150889,2934756,981097,CI,4016433,4427697,
4813659796,2082940,1629878,CI,7972889,3864758,
3914109213,7210242,3792186,ID,491156,859971,
7541012324,714415,5140788,CC,97169,8267321,
5989861912,1937753,4665829,CI,5399005,4317867,
7182315500,4340915,3083806,CI,3555828,4446321,
6383280208,7438440,3846376,TI,7578080,4293771,
1753698100,2239967,5921630,TI,31645,7024587,
6621557369,1230360,5000317,CI,7531749,4538734,
7551695304,2540468,6319763,ID,8027938,5950884,
7957155784,7972377,3801594,TI,2490291,1935698,
6548279640,7159709,8439496,CC,8333414,6942163,
5130930564,8476614,7281755,CC,279163,3727891,
7778320259,1185703,1026987,TI,5023199,5918709,
509516495,6656931,8405101,ID,6337986,5259991,
1545771280,5145346,327970,CI,7500249,3343564,
6887349174,7188913,3604588,CC,5792069,974284,
2208247275,553104,1299930,CC,8346099,3419892,
2415238662,6773656,6266209,ID,5040170,1090210,
4135144112,7589859,6640411,CI,3394640,3765010,
2741254318,5914179,8024480,CC,3768511,6534085,
3635297366,6354059,5740620,ID,1862978,2440827,
7533962721,8435086,4541087,CI,2113695,1245861,
6310598179,3812857,3220078,CI,5666914,206831,
3616962344,800918,8433223,CI,5791110,6816222,
8013443804,6969592,1932126,CC,501605,28685,
7204553917,3044515,6240274,CI,6466478,7503406,
3967157392,393679,219868,CI,7986354,632685,
4453871876,6120911,1922779,ID,6351899,4201427,
156243158,5195454,3309680,ID,3539039,2279361,
8021915605,2240684,2046761,CI,2061469,7274761,
4405195486,5341916,7653283,ID,4507665,324524,
7261036474,160983,1042609,CC,7475381,5315437,
5345061037,4029338,3000233,TI,2998814,5212577,
1934129500,61217,1878732,CI,4143847,691359,
3552026285,6086494,6087454,CC,3346357,2101129,
5740161111,3179401,3058082,ID,2609922,848336,
3094801893,5529961,70693,CI,2098580,8547818,
4450228311,2705634,2836745,CC,1440983,1451546,
5211665356,7377371,2210203,CC,5300520,3449147,
8332444801,8258732,5094391,ID,7851069,66824,
6994685352,6469528,7839893,ID,452623,4146730,
4864978798,3619389,729504,CC,7923397,6918132,
1537550217,7466131,6858473,ID,571037,5090502,
6539090513,1808151,8343917,CC,6246593,6547991,
2787675937,743197,2898124,TI,4590073,8405894,
4987118130,7500614,4662773,TI,5781435,1513622,
1094106808,4962114,8277850,ID,2777799,2841235,
932210244,5899053,597843,CI,5163994,7089938,
7465835121,5558461,7714287,ID,8024894,1816364,
2926004932,4087295,43111,ID,793478,403022,
2687631918,5639410,6213400,CI,2086767,6761951,
6684119357,676820,5222506,TI,7090525,8212490,
4202365283,4805426,3755961,CI,6902096,6503180,
1009806164,1274957,8240890,CC,7618730,232433,
4720370308,3214027,5074751,CI,1612749,4033741,
3754684008,2331540,3142820,ID,2233215,6084556,
1889823288,8078142,7655922,TI,933086,8409263,
5693531799,1817641,6144677,ID,6797349,2424441,
4667300548,6008950,797817,CI,6403354,5257145,
4231269865,7480135,2053879,TI,6901417,637450,
5536277867,612762,8559767,ID,2573924,6520457,
1132124994,5765256,3387527,CC,3088273,2875705,
4317098042,3211936,5967381,ID,2030431,8076786,
5497112443,2223796,7393966,CC,7239892,3107757,
1345613933,7234366,1035183,CC,4697271,5456470,
8227185997,7774273,3548056,CI,2089478,8181575,
5257553114,6711254,7778539,ID,5655398,5962286,
1685533518,5945144,1036257,TI,8208765,3169780,
4505262898,8072147,8118337,CI,4466568,5446496,
4450877434,6861989,6289905,CC,587246,3889847,
5974362277,6839809,3633744,CC,8220522,2113881,
4260308309,8511273,7779722,TI,4874190,3885955,
8366741942,1774570,1296915,CI,4832400,7537338,
6409468803,1541977,2350811,CI,321409,5427189,
1689786263,5766733,1676801,CI,8321301,6313219,
6928408696,4207116,4324321,TI,378890,1158690,
6563534820,8314933,743259,CI,8245747,902942,
5672205422,7866911,7536736,CC,7853507,1950721,
7763139231,1239020,2592773,ID,6317090,7342120,
3011357907,6700839,2796092,CC,2761666,1344737,
977854307,5524272,1432141,ID,5450598,6640550,
859496149,8010819,6401133,CC,970682,5890335,
517564655,5520410,2674913,ID,3791547,4636476,
1500506577,225068,3629909,ID,5080713,3433127,
1665000934,4812152,6451054,TI,2830461,2331019,
76437930,6183484,4089680,TI,7713187,7086598,
7608781420,2464034,1268314,CC,6746415,4292563,
1217772842,4866151,5313724,ID,773160,7318136,
3624881734,2328288,5155249,CC,1329620,6480119,
3641068611,3864977,3449220,CC,6914541,7572102,
5089236215,8147789,1237779,ID,3300129,6433730,
3913405749,628199,3637672,CI,4754945,5857025,
1645289228,7679847,2670556,TI,6824936,4327185,
2386724672,6293935,3946023,CI,416935,6274913,
3446511601,6966550,3173079,TI,8057363,179910,
3403072857,2281531,6405228,CI,7474028,948557,
1073951578,4920907,7256824,ID,6817049,8191812,
985587212,1926910,1207435,TI,1413221,944150,
2994221479,2039060,7538793,TI,5821699,2506891,
955702792,3653816,3482994,TI,5660502,6357097,
4586157562,4336276,5424817,TI,8335684,362786,
1953870120,7487238,4705207,CC,5101052,4278878,
3629296417,361100,1145423,ID,1753784,7349731,
2967212919,6659616,4372650,ID,2685959,3254327,
7914152824,4636389,4956600,TI,774567,3156820,
1876933273,3572247,4748049,ID,7682102,4385243,
7376862353,458514,782178,ID,3817931,7217312,
2474386211,6012501,5980525,CC,6845081,1197681,
4264764152,4948060,4648984,ID,1971341,3885251,
7963563238,1367139,2348046,ID,2433256,5500765,
4335613980,2399602,7290206,ID,7556783,7509102,
6918522672,5031044,1046980,ID,5739424,2038811,
5961194776,6414682,1097971,CI,3100798,3984686,
6728154541,419752,7224814,CC,6471634,8349056,
1483553414,5588485,4736063,CI,4428970,499165,
620875551,3326594,2668623,CC,5728167,4740325,
3104572797,467872,6546197,TI,4717183,8035011,
3287545360,7633316,3663981,CI,7968470,6175680,
3757241903,361612,5438018,CC,5093166,959034,
469654604,1107109,5341705,ID,4764771,4974860,
8435247092,3888503,6134485,TI,1311312,2299343,
2338478045,4555439,8145252,ID,7721217,5576014,
1933710365,7638170,2004382,CI,5489505,461754,
4822483825,780769,3901680,CI,2041434,6613623,
746071966,5333876,5820365,CI,321521,505909,
8051532719,3940612,4301539,CC,33485,2633950,
5020949471,8355768,5968888,TI,2450924,7458659,
6571623771,7325196,7811256,ID,1560474,5739455,
612545687,4749768,7684920,TI,6637991,7454935,
5791084011,4427059,7928482,CC,3082292,7647834,
4523279534,7712134,2277255,CC,5463993,6017838,
1755694679,290939,4860046,TI,7941791,1241238,
3919489719,3137723,1368663,ID,2590022,7137295,
7375616577,2796846,2248634,CI,3234611,5351804,
475364229,857118,8561187,ID,2901874,7606660,
3360834141,3991920,389283,CC,2866639,476205,
7728935221,5894836,149214,TI,1717460,4787414,
1948157048,347283,3380951,TI,7140515,2860744,
3263990435,1355268,517810,CI,6879512,6260645,
5166082753,2362385,5572178,ID,7626862,534636,
820390319,3154088,7088055,TI,6513646,8086126,
7589088501,7449365,4578822,CC,543680,1961782,
6521939943,4635836,6405889,TI,2285511,990346,
2990245086,2232666,6518093,TI,3514643,7363696,
3883508346,4284482,2437964,TI,5218160,8311045,
6398699378,501722,5745346,CC,2167214,4630290,
4306119290,3818212,4289023,TI,6089678,448780,
7240266646,3774806,5141238,CI,6034425,1538993,
4059779922,5405841,4660820,TI,7840272,5585019,
6161740564,3888411,5818494,ID,6821134,6041485,
2526066767,6945403,8520062,ID,6938971,6309003,
149608130,1360589,4913895,CI,4763111,6842043,
2263659047,86615,8388421,CI,2068038,6719168,
1436466973,4679681,4878535,CC,8405339,4298189,
2320846157,8103394,3327812,ID,2305073,6228700,
1805858301,7302201,1054824,TI,2523120,6950304,
6089701099,581348,3174290,TI,2125800,1698077,
1510952437,5370731,6887204,CC,1360237,855574,
3309774705,5295122,809741,CI,8542694,1614512,
6485857311,2028985,5958903,ID,2185271,4811926,
7999987157,7093863,5227110,CI,985355,8023037,
8379473596,5588653,701791,CC,108623,7978501,
7971504194,4159825,2040132,CI,2559299,8270047,
93850384,5917369,762294,CI,5379220,3416381,
5669409909,6685978,3542134,CI,2903556,2994833,
6006265605,285455,7449432,CI,499811,4338187,
2362478342,3887037,7007920,CC,7243796,3330973,
238471453,1706839,6879058,CI,141117,4352857,
186976635,8557348,7068226,TI,7001,4187791,
6687643386,465868,7341484,TI,6204357,3989408,
4577003108,7596249,1195766,TI,26990,993833,
6905163315,5282526,1192053,ID,6366944,5692210,
5537673757,164607,4483840,CC,4088312,8537334,
2279628410,2212581,1661190,ID,2144646,5724083,
7270912301,4901896,5003836,TI,7500555,1343792,
7118920924,4024370,1992932,CC,1198631,1878563,
2584399808,8004182,850447,CC,2159151,5770619,
3211466966,3760064,5471694,CI,1886635,1590320,
6762534729,727905,1525210,ID,7026230,5557201,
313789893,3815466,3598165,CC,2180184,6861193,
4151522743,3717542,1239551,CC,6866218,6581435,
6774689970,8533647,3680628,TI,133923,727036,
2417499397,5819070,2798216,CI,8301506,1985007,
1775083646,1998302,5735874,CI,2243082,1964565,
2064129167,4291234,5851661,TI,2451083,5260874,
4266767597,5576006,593582,CC,5202255,1329171,
754301651,2469836,345913,CC,5253251,3410292,
6717987068,8243328,6971230,TI,2740941,7984032,
1716487091,4679821,7078067,ID,8225670,6894579,
4401127156,4351776,131452,CC,2918208,4598117,
1183073748,1287200,5589080,CC,1039622,4864330,
3530889503,6668225,1537955,ID,2531280,2355154,
6332604267,2750436,2403542,CI,4647961,7011794,
7504330206,4509576,1513908,ID,2682531,592354,
6197802895,7729856,2933420,CC,2154059,840739,
4977790735,6643463,408336,TI,8057688,2336899,
6699193660,1331496,602382,TI,8011229,1047112,
3753730826,2216984,1856556,ID,2298761,4671977,
1931622037,5304929,4868060,CI,7044094,5660069,
2390419264,7678913,2971000,TI,4176599,6547925,
6696242570,7463072,8179108,CI,5288501,5230086,
4757213765,1590668,3627277,CI,411869,8094612,
5800359172,7326256,1361334,ID,2000860,4141929,
469170812,6384831,1996701,CC,3615152,4136903,
2691288327,7502711,8103226,ID,2834410,666656,
7704501427,674114,4114542,TI,602866,808074,
1064896803,6377580,2878379,ID,2391315,4630034,
4821034681,5567341,7465000,CC,5159981,2981567,
2111325954,3128580,571002,CI,6486834,6062901,
3218682991,5064417,3285567,TI,2235793,764437,
3133212328,518403,4046823,TI,5424830,3597638,
5128203289,77866,7099428,TI,8154239,7641368,
6434576014,5389857,5801229,CI,1297266,999978,
4446843076,2629364,4661926,CC,1230058,716695,
375332119,1248645,5551458,CI,2460493,334026,
921053191,7325826,1415312,CC,185728,6160470,
7324390538,2075098,4691460,TI,2401852,4271814,
1581595148,3445075,5136825,CI,796843,5479417,
1006654495,2423779,5718003,ID,2835054,8284567,
2440065036,4853964,1967525,CC,5008952,5031335,
7246601989,7744929,7593366,CC,845554,1240466,
4589928929,2391151,4988293,TI,7477798,3270968,
2223586472,4283931,846252,CI,1528023,2760206,
1449435556,6732839,3530383,CC,2854873,6083326,
5010066084,2759407,7938189,TI,974265,3100264,
1797137163,5282450,1380687,ID,6789716,493772,
5691331428,6350824,4824796,CC,1003675,236342,
2495462286,1860720,6393175,CC,5483432,2953461,
3395386504,2339693,6809138,CI,5529981,2412146,
1544375222,2478760,5597003,CC,3122196,4128484,
3966483494,2972009,4365194,ID,3655100,1635825,
1174267651,776791,1324629,CC,2857095,8330025,
4870936503,5045766,1982774,ID,3007162,6071036,
4724674891,3510565,1171947,TI,8260828,4543610,
7535433599,8014550,4841218,TI,3226059,6879359,
4427556762,2133392,3803970,ID,674682,2800770,
7672371330,2567988,7910955,TI,1051248,1264855,
7053295035,4229761,4274991,CC,4584869,6371220,
2406476817,3136395,4713064,ID,7992353,5392153,
8427050596,7078221,2379816,TI,4572603,4457598,
8474167100,4716511,7290623,ID,6947904,7933658,
1994216708,3737666,6325903,ID,2585843,1543716,
6713500153,4592988,6468266,ID,2814404,4839803,
812681061,1253963,7255496,TI,5941222,777739,
7748462750,5309278,7264559,TI,1129324,8097866,
667807302,1565158,3633258,CI,895203,2118639,
6350153526,8521415,1254548,CI,3647932,2802926,
2617747575,5885154,8014780,ID,7660394,5235833,
7170765062,286871,6468018,CI,5716239,5749445,
1719259474,1109376,8272983,CC,2465365,7985603,
7484517021,297359,4435997,CI,2917129,2853188,
1449919768,6654909,3218779,ID,1148081,8289817,
1725014437,1697496,2592380,TI,7676668,5195305,
4479160190,6140732,675539,CC,2824385,5805727,
2404970221,4031444,1698904,CC,1580939,3176940,
8231811947,6323754,8330033,CC,1087929,794178,
4712762921,3998298,6366735,CI,6325451,1416142,
4879436905,7534341,2171304,CI,1373958,3276359,
5740478229,1076903,2714682,CI,1491589,7410172,
5702427473,1081314,1267414,CI,6739160,4179206,
5339673120,5464601,8083929,CI,6045835,139787,
3460950538,5962331,1528597,CC,5780620,6818611,
4516796480,5577949,6724864,CI,1130936,1407611,
3292625676,6242945,6477025,CI,2978592,8145311,
3650758839,5763311,382898,CI,3488861,6422035,
2399265928,6878357,3006585,TI,3232696,7843729,
4075572155,8117801,6070437,CC,2435459,6728566,
8373165800,8062624,2049194,TI,467618,2843737,
1662625007,7915360,6387708,CI,2085980,1859025,
1819278535,2897932,8382269,CI,5309590,5104721,
6770455877,7988164,3536145,CI,4480250,7286748,
8398147629,4940492,1657050,CC,182046,7264919,
1441872545,3040505,7515696,ID,6351735,7499167,
234744707,1225214,8434654,CI,6979839,8300718,
7464686899,6307721,6360827,ID,7749440,6107185,
1913933676,3088530,2186695,CI,7996191,3801093,
7023586205,327082,2382796,CI,5639182,2848611,
2561574403,3767472,7385020,CC,8243727,4614683,
2836752669,3095619,4127517,CC,2559247,5495173,
7943046187,849561,4744698,TI,122385,8048468,
135458904,4293811,1314454,CC,6830273,2114803,
7808109996,7911325,114264,TI,4408227,4456519,
3621812255,7296191,4835957,CI,3415555,5323022,
4659085647,3925676,254209,TI,4064743,6616656,
5414971922,2865663,3167521,TI,1791798,3751257,
2888904924,7887460,381472,CC,7660552,603352,
2714951561,1641821,4629526,TI,6415964,1610687,
6673660386,6833692,2724507,CI,532913,723162,
1479246975,6515671,5190136,ID,7510627,3836826,
8241758840,140343,5754953,TI,2147937,3471967,
7715971648,2031645,2516234,TI,3140459,7049764,
3198257137,7622048,990630,CC,4106384,422471,
2481865272,5794760,6306743,ID,3822618,525781,
5055684624,698572,6895397,TI,8297829,6265848,
324151543,4034020,968813,TI,2964627,1677361,
1335474228,6631155,3369158,CC,7721244,5138006,
7052146915,6617605,7755533,CI,6317000,4752962,
5221495627,4528093,3248736,CI,7277555,5766850,
924107886,5279956,5816697,ID,3748490,1361734,
4765750712,7362526,3420043,CI,7430512,4974527,
3073492296,516340,4784917,CC,4441746,3256344,
2141019390,6262557,7266506,CC,5482029,7203359,
5085439396,1779386,937380,CC,4440430,2595109,
7736855288,1902416,532127,CC,2330510,4532129,
604592460,5947017,5843298,CI,7802327,532715,
5035389686,6329103,17339,TI,3177419,1046903,
7389899630,6790722,5880495,ID,67967,5729834,
5645694803,5677523,1824328,TI,7015781,3102949,
3315011341,5490749,249704,TI,5735188,157187,
7082859090,6411098,228139,CC,4327905,1369518,
970130965,558354,4478485,CC,5708083,6825916,
452780427,6882176,3106291,TI,1673448,225659,
2351089592,6913831,7849844,CC,1708604,6865546,
7326828234,2874321,3164436,CC,2515202,5623009,
29615955,8399901,7740155,CC,816506,6695287,
1026566052,7528815,387936,TI,7658701,1869858,
5113917549,1081596,1764760,ID,1474921,1913116,
3664803130,8234839,5259041,CC,3444599,1888417,
2274159956,6800770,266700,ID,2022596,1769888,
7566371112,4265580,2067361,CC,1538179,4517531,
1628197275,92836,2927837,TI,6092668,3461908,
1086428211,1916751,3825248,CC,4377476,7282599,
6132503722,5429749,6517581,ID,993097,3995527,
3976735398,7849007,5350675,TI,771240,4465715,
4415089490,1196617,7987818,ID,6805551,613572,
4205076028,8046743,7930814,CC,3776895,1286558,
510072522,212625,75227,CC,6284513,3836461,
3056061187,6478782,5458215,TI,4743130,7576679,
4456942827,3335203,1661852,CI,4739465,964600,
2767936005,3361563,1231225,ID,7776477,6381010,
3168789601,163038,3583157,TI,55202,6016267,
3262999889,5797490,3946493,TI,2788450,5293137,
4236629372,5740531,7886759,CI,1782428,4328421,
5090566803,2326557,8534100,ID,1339904,4435971,
2314057766,1312053,1197902,CI,6172805,3746149,
1596836675,4578967,3813249,TI,6948375,5702995,
3062243696,3652877,4675971,TI,2004415,6074683,
5595228305,6920293,871496,CC,2152774,1411199,
5650755661,6792856,7527896,CC,1609739,274592,
2326371326,3020581,4883657,TI,7787164,8462250,
2357597600,1758390,4807965,CC,5308002,5067739,
6565979446,1724537,6197316,ID,1416095,5811729,
3558745553,8545395,3639440,ID,4800386,6554574,
8470231377,2094573,7760753,CI,6884141,1480512,
7318725369,7322393,1764390,TI,7931790,3204674,
4594064805,4086064,206367,CI,8552020,876362,
3641269876,3307862,7694131,CC,5978016,6432125,
1086429502,991643,4040017,TI,8273868,3423310,
659285793,8086258,414277,CI,5269078,7732471,
1159155391,48284,1041613,TI,5570392,6209789,
886553980,6297037,7219101,TI,8299706,180236,
4424572686,596796,1830418,CC,3165205,4735804,
2896146430,8502560,7164210,TI,4542153,3747283,
6194903850,6961767,1251063,TI,1874998,4300127,
7540011118,7828680,6692077,TI,1851121,487440,
6463118987,7007002,1626543,TI,254730,874514,
7832230869,8501987,1401267,TI,6515579,59849,
4430508016,980529,5930095,TI,2584886,6904277,
6852465923,4423157,4120886,ID,845107,2540445,
4119014035,1529065,4867123,CI,849765,6363865,
4595013925,7056148,8019639,ID,5999626,2399649,
3809308507,1613002,1786601,CI,5731706,2949044,
1260106969,6036788,7955640,TI,6210449,6183232,
1760959769,5352833,3749207,ID,7916064,172,
6941887266,1960986,6597243,CC,5475450,3063627,
5329078760,6232097,2128172,ID,116627,1382292,
7503895469,433782,688602,TI,3062694,3182441,
3407087016,1317662,2745090,CC,6485127,6049019,
5337040678,7969623,5937994,ID,2089931,6420354,
8331674680,4162723,1008718,CC,5962753,4233542,
7042801061,5663505,8304960,TI,2074258,5035168,
1116704691,290073,8317396,CI,6128799,5345592,
4264978339,5679248,94463,CC,3993072,1737254,
6589281779,5973540,1198810,CI,2419971,3364216,
663365493,2823581,6239537,CI,3556208,113668,
4464940796,2309225,4026685,CC,4917759,6336639,
7221165522,8427924,5398769,TI,2062861,5683563,
742331996,3258276,6584450,ID,8148349,1346302,
5246710243,2931082,3568365,CC,5326399,7194321,
1866978449,2950710,6391048,ID,7144682,3334589,
2030186387,3767425,2315135,ID,6507487,3045382,
6797915886,8369033,3072207,CC,8220878,4218767,
1520747938,2675534,736899,TI,8122359,5446866,
1120950285,8252484,7221342,CC,4853432,5565491,
2253384908,1981282,5061335,CC,5505463,2423365,
3916122239,7937572,8148604,ID,7382511,6534813,
1225925376,2862878,2070351,CI,7957960,4232861,
2676367142,6382992,3021224,CI,1674432,2391779,
3364431729,362863,5944418,CC,3141673,4298332,
69160221,2007668,8394923,CI,3489447,7561745,
6463931735,1770484,4777774,ID,7265543,1543344,
1968881212,7524350,6625713,ID,321723,7503825,
3762982706,576792,1840557,CC,4381501,7638837,
4469992567,3674696,3956074,CC,5931482,7928741,
3032710625,1111933,1860028,CI,8261038,6642677,
7816118121,644274,3024340,ID,79197,7036081,
1983416355,865338,2596218,TI,1838659,7857240,
1165515645,3260593,8225624,CC,4253156,7938621,
1587418272,467150,1114365,CI,6052419,2246519,
3237140083,6780835,2454516,TI,5133103,3378889,
5925712214,2989706,7903157,CI,8459514,6700475,
511742953,5260200,3874766,CI,5381842,4374439,
4093784516,3417057,167225,TI,8266916,1082605,
7463343633,6269284,7241669,TI,3010214,4304636,
5352424244,5250008,5675222,CI,4975796,4212791,
3968676878,2432638,5908729,TI,7291653,4022132,
130801478,1246119,656062,TI,8206973,8340970,
8443292073,5844078,2959271,TI,8090299,5843270,
3824453062,5503249,2599506,TI,741949,2074897,
2588810662,607675,5712714,CI,220292,455456,
4057777330,5892318,2751100,CC,5384732,4899317,
3325334451,143777,6745153,TI,2411804,4129454,
5301472254,3335442,6679193,CC,4522255,8023899,
7315215406,7683325,4240845,ID,5773174,7688570,
1075983161,1966522,980792,CI,932852,6806391,
650346705,4921427,6989559,ID,6950115,3285459,
590625375,5600742,4909350,ID,8275980,5470182,
4836798683,8355972,7829190,ID,2987118,1523905,
1606384802,5069233,6179917,CI,2365567,516461,
2883037607,6021990,7347598,TI,2315311,4099083,
5391168657,3273738,4601908,CI,1257027,6229102,
4757935119,8279667,1400931,ID,3268182,3201052,
4845430758,7284165,3328417,ID,8192760,50193,
8510838812,2638333,5844303,CC,4980100,4180367,
1099404255,2737373,2998198,TI,2579041,702057,
8488224235,1956805,5408990,CC,5835308,6028641,
1225254196,355234,8211320,TI,5212808,2543818,
957293766,7639902,4594240,CI,6798987,1736550,
2689667415,7666724,4653723,TI,7048802,6596296,
5693606966,2029748,5925446,ID,955320,4410112,
5929765460,4387326,5742330,CI,7379105,6850763,
5688068656,6355153,3062197,ID,7447071,6508906,
1402078441,1045423,1256347,CC,2136524,7960727,
3834906335,2761873,7726129,CI,2280788,379281,
963190821,2846531,2814399,CC,1785519,8424106,
3841365684,4682183,5302899,CI,8115448,3662061,
2445027268,5055878,7245181,CI,5386355,4050155,
8391366883,6012685,6100721,CC,878494,406806,
6786077076,6117233,3561347,ID,1486904,8082162,
3688977904,2760276,5640712,CC,1187011,3604277,
8196476216,5298809,3822406,ID,1290023,7716032,
1051349056,6098872,7624161,CC,1290805,6299208,
4774690429,6836392,279811,ID,3136918,7231081,
6028110885,2551791,507916,TI,7560601,508179,
2897289303,6008882,6927790,CI,7969885,8060182,
986401477,2378363,2078660,CC,7704927,3104973,
322929549,4642880,5436649,CC,5835729,14898,
68107311,786674,6959270,ID,1324765,2331710,
377805139,3048224,8146244,ID,1355521,6884176,
6909692536,8281368,3933070,ID,3310083,924139,
4705826954,4426714,6184980,CC,3599553,7194744,
7260769636,4745712,8443327,CC,1968731,5971032,
836062225,4915015,5651450,CC,1859485,8451551,
4141994295,641174,4567918,TI,2119845,5381342,
4345799744,7650976,6610321,ID,4252408,3508296,
2174638274,184171,7443419,TI,3261373,3502572,
6801136309,5632243,3667559,CC,2398011,7149425,
2293418484,2187910,1369367,CI,2323148,6384665,
4530937472,5427988,808401,CC,4096332,4793395,
875942172,4672147,8214095,TI,2999034,8551850,
126884333,5284361,7849176,CI,112674,3186239,
6587774755,1851544,2832018,CC,3592199,2762915,
72285958,3766034,5390160,CC,2291640,4432298,
6918466730,4665051,3875031,CI,5549345,2953350,
7958593473,8019632,5097313,CC,1422535,5846683,
2921354612,263407,6840342,CI,4367879,3502376,
4644029128,2639887,3427321,TI,7681576,3986152,
2082409084,5673551,1558998,ID,3481219,4444616,
2113942475,5315722,2697943,ID,3979775,4746091,
2456580730,2072237,5187336,CC,7638999,4507165,
3103177818,2621902,1503946,ID,6683447,8447180,
4918100027,2688301,3510306,TI,7418658,4417574,
4553505652,5495075,1962782,TI,1723587,343203,
2259359947,6597259,5558105,CI,759382,7227508,
1375932666,6696204,7206736,TI,1012374,6705855,
4723053855,7139675,5773234,ID,5771470,4794768,
4578850140,6118933,8312124,ID,1255974,213532,
4876214681,4532917,1428840,CC,3547935,8112495,
1870083366,2092495,96900,CI,6462270,3038022,
6487257092,7884774,7432705,CI,4312477,4547966,
3177475362,921814,3245071,CI,5047790,6143180,
7490615359,73998,2006365,CC,5003418,4788161,
5345919338,1817270,1053306,CI,6687921,6712957,
6935312873,7471602,265705,ID,3982824,4249931,
2770490340,4491509,1418580,ID,3214116,1170168,
2591968189,1041342,1334854,ID,1837499,6892961,
7948857770,1698164,6814402,CC,6655276,7118815,
5195752482,5322613,6960103,ID,1339626,2437083,
8034669400,5938174,3673696,TI,5681509,2144441,
117491272,6849770,3444752,CC,1290851,3469194,
734391880,8155561,6197553,CC,3686570,1548625,
7661907960,7824960,3717851,ID,6691201,7367608,
2002193354,3181737,5960545,TI,4873224,6488703,
2089859262,780817,2960318,CC,6934209,2843375,
1820484553,6182612,7145974,ID,59643,5149487,
2483025922,8237109,5547273,TI,1626229,391087,
5643938015,534020,2196701,TI,5567881,2925560,
2278148775,1128603,6118347,CI,839208,2274559,
3287162224,2369354,2102638,CC,5613291,4165689,
740635673,7746210,6743107,CI,5349693,72865,
7193679189,5680028,6176521,CC,3309437,5301620,
4320906617,4252611,5665517,CI,5152046,8428177,
8514459424,596798,8066505,ID,3253419,4257341,
74837357,7907496,190964,ID,2568965,7553324,
1301557861,7380123,7191372,TI,2188772,677668,
3297273171,5739322,8435421,TI,8423993,2609411,
7234422254,6519707,1964415,TI,2668537,237825,
2287256645,6185162,2719544,TI,6442496,8248273,
8301438506,7226168,3806963,TI,2224801,6006712,
1925784440,843545,5207917,CC,1137185,579010,
1238568108,6045826,5053618,CC,3169326,7159458,
2969339936,4839072,1379917,TI,5104605,3302508,
2609133496,1816038,6632500,TI,1054573,1058995,
6066409534,2383405,5365958,TI,8541766,6804603,
4644692712,5221787,4173375,CC,4196660,5794598,
581656074,8488647,1579112,TI,8135022,1967051,
4472995931,7076357,7075997,ID,8555579,2043637,
8464830744,4860478,8465412,TI,869298,6600323,
7894510790,1196116,4945218,TI,4542866,6208609,
5839270169,5905479,4126695,ID,1911272,49629,
3478422567,5733080,2653760,TI,4101794,1149788,
1921646483,2008340,4070415,CC,4321619,983533,
2330952368,1997433,1620385,CI,2236657,5066444,
8237625366,2220680,2336142,ID,2180517,5413943,
3194188651,7528503,6446692,CI,7770759,8033173,
1848465716,5442944,4015499,ID,2886945,3035397,
2173974256,5931046,7100087,ID,8165506,5104337,
4257365663,8059107,7616649,CC,8006330,6884272,
294281901,5688698,5325888,TI,6253935,3679597,
4758501952,2363654,7151644,CC,2045245,4678351,
1286618855,2277837,6207880,TI,5603463,6366187,
5983235488,6722943,1239810,ID,5209373,2202799,
1472019428,1426933,3024406,CC,1279491,3982452,
7224276509,2086585,3810257,CC,6593780,7978206,
2824726815,533026,5793037,TI,53424,28621,
2314882551,7686415,1627140,TI,3833628,7972937,
7561308298,4714364,2709189,CC,968865,5661080,
5029388924,2735603,3041577,CI,6392189,5016911,
6637039436,3920212,5796336,ID,3394900,6412919,
7775113967,4666248,7071306,TI,3741815,2139739,
1512379094,1763452,7122590,ID,2636910,4342441,
3510535302,4300680,7979631,CI,526515,3572431,
5087754490,5701982,612258,ID,7496412,3693163,
366236778,2191814,3565274,CC,7335259,6178664,
330349243,4664321,3562492,TI,4063890,3846135,
836332272,2117539,722955,CI,3652683,1310576,
7918676678,1433866,8183108,TI,122832,1403435,
6694197311,7929511,1823449,TI,4931767,6020097,
7940392684,3346280,5173076,TI,664127,7682305,
7165407258,1634052,7782337,CC,6771304,2145827,
2732958777,4871063,6852549,ID,1908165,6057168,
804926011,6126744,7964212,TI,6336566,2564014,
8191053724,5443465,2769448,TI,6722480,5712921,
2474690519,2087719,3855575,TI,7032711,2301587,
493854951,6133139,5865726,TI,7451672,6993712,
2156303736,5627523,5614098,CC,6651803,6280771,
4268051171,4052213,5367209,CC,2970147,5093438,
6765692737,4624056,2187225,CC,7005917,7350087,
4778589738,650326,7162913,CI,8437750,352412,
3129765771,5812913,7420751,CI,417609,2841559,
4752106739,4499267,1234017,CI,6277907,7555169,
4292727867,4808524,389145,CI,3296600,1590524,
4681638654,584032,5345397,TI,8262374,7121370,
5119978490,5006646,3438035,ID,5975433,4971401,
666535028,7733028,3115968,ID,4072398,5563867,
1063864064,4822110,3800192,CI,8153876,1318362,
2472004868,5114608,3236840,CC,4830926,17275,
8417056004,8282904,5131820,ID,8353955,996722,
4005231785,319463,344478,CC,1610533,2098526,
261019141,5672828,647827,ID,3202372,4938973,
4655773300,5603719,5276944,CI,2560369,3128429,
8519917044,7326705,4764112,CC,47040,8203098,
5590626839,8158710,4307151,CC,1767781,1869481,
2777588555,2280660,8549105,TI,3255183,3307197,
3050491460,1255279,239200,CI,528899,7723862,
2770747452,4218297,8353836,CC,4781073,1338791,
677331932,599154,3708722,TI,4007701,4982644,
1359232511,1213817,4417637,TI,5617817,2043303,
5997877868,5820573,5183902,TI,3355467,5928854,
6069255432,1711802,4624765,ID,1477730,1667451,
2263173456,1211667,2684776,CI,4850000,3269165,
1164629054,2273299,8141275,CC,2302145,6987709,
6634795153,2963491,4763228,TI,5992446,2347591,
7128624043,6879495,8384556,ID,8010804,6431081,
2098898665,1892979,4427221,TI,3496370,1606289,
5715349544,938752,2819788,ID,2888417,3142856,
1435893070,3218775,5612891,CC,5088367,2224876,
5751911091,7345751,3541389,CI,1037591,4017028,
3794066384,7272616,627314,TI,3937609,1899452,
4317742813,4591126,7441520,CI,1266747,954214,
2053574716,6949313,7925371,CC,2335838,3934029,
2650072339,2173718,2841157,TI,1741026,6826465,
4916473822,5712966,4328143,TI,8521699,3969605,
481490390,7356517,5575160,ID,1157130,6746295,
1600994444,7514568,5608651,CC,7377877,3812816,
6839101579,5136620,6587204,CC,127137,3476042,
1070392941,986393,8324078,CI,4563608,6409316,
2119280948,6470464,901155,ID,6251779,7349877,
1161044786,1060701,2577233,ID,1560876,4300977,
1562596767,7948351,2507365,ID,5009796,6195979,
2149454969,647254,2500902,ID,1164836,3340980,
4009773594,2370800,3393460,CC,6112862,511108,
812367188,725613,136141,CI,5456563,2725911,
5661162700,7351932,1073877,CI,1441758,3724430,
2631203318,322773,2203301,TI,7989439,2658854,
8126940021,7110328,5509773,ID,1407417,7226009,
585694480,1677994,4071917,CC,7293779,6927917,
2702816601,2643625,141622,CI,5797452,317087,
4346675889,7541886,5857266,CC,1178115,4463712,
5628380686,7467214,2837378,TI,7224694,6099653,
6650194349,4686351,5788168,CI,7363224,2961096,
7850822490,2630946,7577671,ID,2744154,6596778,
7161908646,5856151,4116258,CI,3842613,550567,
7306733185,7819132,5252954,ID,2771243,1981321,
1714245614,5484451,8156517,CI,4838438,2420963,
6587598191,6926813,1993273,ID,3393769,7012,
1271979259,7806191,1880896,CI,7307011,2555340,
3626013379,3893214,856870,CI,6808761,1949222,
3029609680,1628809,196388,ID,7177357,6001266,
229403303,7943760,3759424,CC,3769023,2928195,
7588221324,472806,5987945,TI,3113107,5925661,
5603237117,3823814,6524143,CI,8081736,1248437,
7960500903,7748692,8250354,CI,789306,4712901,
2120758356,2145369,3658166,CI,7872990,6242721,
4796086896,1871311,7066370,CI,3264854,2693626,
2370857161,1595453,593329,CC,3487509,5021069,
2892957457,8412571,2750452,ID,3024776,617418,
6775412122,6601555,4945601,CC,6296519,3582845,
3902233073,3563623,6410359,CC,6233533,1463629,
4814405655,5434748,3834480,ID,3391371,2874914,
2770659908,4171199,508851,ID,5728809,3875313,
15718240,7500568,4564687,ID,7216835,3816761,
8502692738,666865,6577335,TI,8246843,2399793,
2432404406,3745694,7635993,CI,2402317,1118816,
3533163026,1127783,6273253,CI,2973658,3541082,
6176094929,1812772,3210268,CC,4552101,858037,
5856503455,6054875,6239994,CI,7635302,1597664,
6174771618,995898,6121970,TI,705989,6749661,
2145430773,8458757,3632476,CC,7465874,6282771,
5281738836,6408236,8486823,CI,7960625,2253507,
355537831,7730746,1882307,CC,1239141,2517768,
4955021135,2020079,7461669,CC,6723186,1458628,
704665748,2479294,1240291,CI,2468179,8001903,
7119057095,3410864,2036622,CC,7607934,6845275,
7523435275,2326962,7633930,ID,5441091,1491335,
5356784199,382914,1915908,ID,7356101,7110426,
6279922735,1399658,5270379,CC,921911,6790972,
250220307,2935350,896520,ID,2463156,477806,
5471457192,3645595,7258976,CC,7832303,7871196,
4236316128,6993638,7485896,CI,1868213,4676570,
1536092607,5592728,5171940,CI,101313,6744460,
4858809961,6849592,7287821,CC,2954186,259479,
5634491277,7608039,7920037,ID,5957706,7168417,
1792172041,3293446,892922,TI,6211382,3714491,
6449720659,761995,7784494,CC,7906904,2175716,
266431395,5843427,7461619,ID,4141691,2251880,
6723290520,7037527,1178978,CC,6634554,5130587,
6851741524,1018926,5577803,CI,2160017,6216356,
6861884086,8139501,735153,CC,4091902,5063591,
783549527,4464822,1356242,TI,7832003,3143867,
1927885664,3367972,2203556,TI,6461682,552719,
7365396129,4816744,3966283,TI,3404179,9494,
6127937666,4040262,5204535,TI,4724335,1236301,
4160521070,62295,2799,CC,3399801,5762025,
5999719750,3554047,6279206,TI,4794957,230512,
6089011214,2721929,1746432,ID,4929024,2547675,
1768414635,7704800,8234706,CI,6258543,1828118,
7741104889,5819207,6791252,CC,7186418,1956441,
2027951755,2976204,584319,CC,3836185,6201494,
6131001448,7011089,4047693,ID,5329870,1306234,
7363556492,7608034,2750503,TI,2552661,5723780,
968279344,141559,4386760,CI,5974565,3108758,
5095796979,87908,8450970,CI,3621815,439098,
6267609354,1990221,4515665,TI,5393331,4840882,
5879207267,5232138,1474618,CC,7962322,6309994,
5243106152,6639561,325389,CC,6183038,561464,
7374686962,5988746,477459,TI,521555,1322535,
6983420656,6976563,7599946,TI,1421022,5271591,
7580424649,4132801,3802889,CC,313419,520138,
2642385010,5521706,735124,TI,2564420,7483523,
498978188,5930928,5659699,CI,2813737,170538,
8548471689,1803741,5852101,CC,3651286,8024802,
2359342737,2531135,3277296,TI,6134350,7847901,
1828386849,1120290,1434809,CI,6925205,1423774,
552216297,8548974,6956745,ID,1875457,6095537,
6478391953,6812190,7700801,CI,7473948,5297418,
729904056,6836798,7844510,CC,1050117,1112782,
5961198056,6363600,4849105,ID,3709705,4896629,
5096769914,7139898,6083508,CI,8253362,6508301,
4398203894,7446612,1680693,TI,93032,2264019,
3543913872,3407373,5562155,CC,8281865,326869,
3216403105,6799159,1075857,CI,8096398,4824181,
5389408835,2411957,2394024,ID,917883,877499,
548891286,7564546,768469,ID,7931738,5761358,
378822224,5653353,4794726,CI,4980598,5821729,
3676132691,2386545,5473877,CI,4546111,3582546,
5296532020,4187599,6921524,CI,2069339,5265162,
5014389240,6098073,454363,TI,3392570,5958999,
4909660144,3629479,7481960,ID,1932601,7967888,
5970281520,800,2740797,CI,3112066,7966119,
7370250581,8327152,934485,CC,51053,315305,
8038189051,5880595,7250068,ID,3437851,5344983,
2572456671,1595640,6899469,TI,2035912,3143046,
2484055862,2070764,3994909,CI,35675,4501855,
5314541062,7279449,6590354,TI,7929633,4329325,
1295011417,929061,2487922,CC,6874777,7168534,
4655467485,3895785,7159430,ID,7249214,5965013,
3479176588,6966864,1380479,CI,5278408,5567513,
4801621691,2451344,7320471,ID,3113576,8109910,
5213598915,819562,152635,CC,5658997,1788426,
7247170055,1831042,1926788,CI,7210247,5265199,
6069483352,2143681,6664004,CC,1890851,1956210,
7423637043,7364862,3859465,ID,3052177,4391145,
6615437849,932289,7481577,CI,4376645,8326781,
8160259487,6582343,6608371,ID,6305800,7665919,
2998894243,538632,4766741,CC,3579084,2853861,
2137593432,4979980,5755359,CI,2913227,3376173,
5790124952,1169709,724162,TI,3929544,7638699,
6249248333,8243451,6439638,CI,2933658,2549626,
2049167332,3847457,5744389,TI,1121752,7612264,
853098187,5283877,1015922,CC,3628542,3499253,
2678056567,7867098,642076,TI,1206174,7800659,
7746039799,985686,2562802,CI,1181243,1428120,
863862837,1468600,7398997,ID,8530183,528368,
2497989884,8353084,3183015,CC,1609342,4510219,
4888463607,7892514,1992295,ID,6423320,6163061,
4399971513,3889442,8000809,TI,1845103,3249261,
1303250973,8138314,7779905,CC,5838640,3411991,
5413016806,5010085,7679354,ID,5931981,5619954,
4685284100,3512597,6332464,TI,5655319,3131707,
2612564527,7245508,875231,CI,2509029,4001361,
2410305922,2426889,5007991,CC,3797121,8517694,
1781950905,8014325,6824831,ID,234513,7520364,
5506366602,7434297,6141124,TI,3283373,6510941,
7174079286,1637917,5162961,CC,6288946,154078,
1420167628,577430,4726617,TI,5276931,1876756,
4900001366,3955256,7407134,CC,8393996,7067494,
2802063839,5216505,5252041,TI,2800281,5969569,
7933685972,6957391,6320394,TI,5066197,4286499,
1766297865,7139896,6439882,TI,2763445,3955530,
8234908679,6725662,2025133,TI,3971561,1469947,
5291657988,8119680,3957485,ID,6695476,6385532,
374779364,7569481,1435215,TI,946703,994872,
3849377765,6644537,1205869,CI,7936005,4417056,
5093053138,1843110,2530023,CC,429602,7962265,
3559275892,1098785,8051815,TI,7774923,6059544,
8537124064,6691760,3273865,CI,1573105,4975973,
4218469975,4801086,3482509,CI,2216270,128103,
3943858456,7297463,6508427,ID,7707776,2945574,
8462683876,6188851,11441,ID,5243860,5446981,
1232355418,2299713,3599122,ID,3695288,1232360,
2938497377,2862964,5972279,ID,7236100,731103,
7761202998,5280206,2033031,ID,6000012,4614541,
6619662686,4565143,1140094,CI,8505558,5712832,
1814003597,5367709,5474630,TI,7581982,5982162,
3842730045,4822989,8142969,TI,3933865,7852030,
6524041905,4350459,2678317,TI,2724001,436605,
1832246228,2167510,392415,TI,31806,4949213,
6360692255,7573133,981179,CC,5744046,7467785,
8110458907,7349048,219246,CC,1818203,6151500,
4600955906,2399540,4227914,CC,6485071,6939424,
8540703661,337978,8189277,CC,2263095,5682100,
6205135595,6190668,3578654,TI,1557288,6627961,
7236782918,3410096,28618,CI,1541725,6810939,
6129857570,5788210,5180545,CI,5372550,7750830,
6369477853,7628986,2566227,TI,1333313,6146030,
4545856204,3437964,387992,CI,7931181,4505361,
873516610,2407096,6881892,ID,5957470,1728808,
7042558616,2853095,7918543,TI,7784283,5517742,
5987541799,5318031,3436591,TI,2401501,8461902,
1021434637,8188925,1694828,CC,5468504,5834940,
3706619223,7108045,4829119,CC,5741493,2365164,
3104808669,5391781,6275366,TI,3102281,3574195,
2573046935,4720637,5943577,CC,7589711,4218752,
1974472745,7310885,5281405,CI,4580561,6801601,
1129974136,6325516,2816012,ID,3172154,7700093,
5939829050,6101700,5527876,CI,3695631,4540120,
7222075351,2477240,401312,TI,269887,835390,
2114464516,1770479,6636020,CC,2234179,6839021,
3022716550,6566399,7063235,TI,2895787,1426412,
2574177965,4966148,8027673,CI,2606273,307891,
379936877,7170734,8099064,TI,6040211,1526553,
3178331707,3277681,950114,ID,1468788,459894,
1161257622,4852399,6840483,ID,4995020,4086691,
7490364158,4923782,5533992,TI,2442764,6578047,
348357502,6547497,7953962,CI,889486,1560511,
7854699445,4829465,5674038,ID,8383173,7408629,
5351319876,5116903,3915975,ID,7586115,3034612,
8565413745,4329515,2030715,TI,1089000,8176291,
6211329954,941487,2147583,TI,7803691,1009183,
339272397,6441206,5003648,ID,466966,2724136,
7880664185,7327714,5223767,CI,3754287,6972310,
2119107257,3326825,7529994,CC,5787737,5725694,
3978734386,2327398,5913887,CI,5707567,6532375,
6392722658,5775157,6867825,CC,3150458,4530601,
1384274350,6211374,8183760,TI,7113981,7394761,
5230579643,4213512,7757876,CI,5210159,7598920,
8135332476,106622,2366350,TI,5667318,4589991,
2407972559,1887195,24379,CI,7789867,8472129,
915881546,3522950,3945864,ID,7626365,5566636,
501913449,3960590,16418,ID,1440404,1846559,
3636198517,6712236,7952215,CC,6576123,652165,
2849296039,1740530,5176326,TI,511867,3285653,
8325983087,2401475,7431456,CC,5009931,6885117,
4503992634,2904138,412447,CC,3721276,4659841,
6048949793,775089,7781910,CI,7686590,1123571,
269579169,4333249,4285274,TI,1345439,5987405,
2002269399,1375652,6525544,ID,4666370,7508458,
1062152440,3064178,1759458,CC,7121370,3637385,
5406310094,622671,268758,CC,1776103,4019419,
8053918164,3337586,6179944,TI,1932294,6973212,
266780592,3930890,1984938,ID,6990213,2874668,
7955984220,7495803,1748426,CC,7388640,4485656,
8017157153,6429547,2294592,CI,5298943,7462673,
2954810796,4658065,1999929,CC,5208426,6245713,
5868522464,6558913,6060710,CC,2471858,6607218,
5078051692,7159816,8224436,ID,3415571,5086473,
2774632349,4610786,6215447,CC,5512045,4624546,
6088019127,286982,657479,CC,2510104,1440658,
7653396209,3868053,5507818,CC,539051,5344520,
5129511529,6175420,3775030,CC,710003,2145083,
1060590007,8288923,4618545,TI,4652822,3154126,
2519672619,4733805,7025749,CI,2073643,2611592,
1107419328,8504719,7849114,CI,5632008,2399897,
5579657141,2123613,1328220,TI,2468099,5704783,
1528805526,5441205,6870743,ID,798514,1124200,
3726702765,7822987,3220187,ID,4747698,3481320,
4161301181,2279186,2930065,ID,2096578,2671021,
7270229561,1582090,5028184,TI,3874242,8001186,
5687574555,4429986,1657923,CI,5443915,5083195,
4987807226,2981344,2827476,ID,3226355,3083755,
8135352497,4136332,510168,TI,5602065,5521462,
6457552779,8434720,6897901,TI,970631,7017558,
6505823039,4362492,6263770,CC,5603039,4972033,
6070830937,6827766,2371639,CC,2365757,7172086,
6133713846,5950709,4497597,ID,6962718,502341,
7022628489,7389452,4669825,CI,7422973,4082240,
5482088633,472529,2672225,CI,4344998,4687096,
5065465034,3779024,3115244,TI,1083072,3941199,
3763812133,6035080,5261587,CC,1504361,334540,
5759913885,7780423,2551581,CC,8111247,4269568,
7687495248,1839117,6729668,ID,5632118,1214250,
5514364307,4120660,1557191,CC,4032973,8536836,
6231231767,4637101,3285179,TI,661184,4796363,
2243286374,1089477,2237815,TI,8344887,5912302,
1416834635,5589628,3519429,ID,28247,6744316,
4676860232,7241068,6898139,CC,1766043,6785112,
6633175888,4615979,389258,TI,8323147,6476962,
6192311100,8542810,83603,CC,4931664,6138326,
4766521492,8520140,4916950,ID,842743,6866254,
2687402837,6518440,3472284,ID,2463785,1928905,
5837184173,2736517,4186216,ID,3421895,8243941,
7414954697,3504459,4183370,CI,1248194,6523702,
5627216024,5503400,637810,TI,6537416,423345,
6689023054,4859900,5134982,TI,6599077,7059544,
2796929629,8100584,7433038,CC,3793831,1323599,
4364945489,4554146,1777742,CI,4676778,4883750,
5635783859,8137302,6146138,ID,6573859,2865505,
6847928946,296295,3099092,CC,3683693,6204969,
397569742,2774288,1255648,TI,5230969,4730435,
6862583116,6928032,2237576,TI,8351169,149319,
2699900353,5244030,2611607,CC,6435767,7550053,
835332153,1717409,2640704,CC,2484965,7897956,
2572040961,7828092,3950291,TI,7172298,6322644,
6286027189,7440759,6346279,CC,2190805,8195963,
657865063,7056327,4979430,CC,4806596,4239600,
3962075249,4073805,6865659,CC,5042507,201837,
2810603156,4277593,4257500,CC,7132878,5203986,
5878659065,4894725,7401197,CC,7246648,1700696,
7135893546,7924233,5572438,ID,1224324,1642614,
475179517,2340153,266739,CI,7554130,8096738,
8228181762,366343,7078593,CI,8483569,5824837,
2634169062,4655600,7725417,CI,8232321,7968016,
6760639318,1825964,8224259,ID,8514073,5007356,
1311768660,4225433,992761,CI,1003723,3210659,
6891526003,1066053,3663509,ID,8236023,8269616,
8446865910,4356038,5295986,ID,6717510,7648053,
1072385799,7876639,8106304,ID,4780155,7919223,
1509941658,4696883,3163860,CI,8252400,4228767,
2770965035,7997721,6082778,TI,821260,3306098,
2394282383,3869669,4364284,CC,343397,6259737,
1987004182,8083361,1707394,ID,6579511,7334946,
2658153632,8284600,2860570,CC,2473391,5464201,
4537205100,2145841,3754611,TI,5900098,2418156,
811009508,7552319,5066043,CI,4594791,4001087,
1958580474,5756724,110928,CC,4243446,237998,
2873808331,701446,4466610,CI,3274266,1282956,
5120686058,5709446,1962037,TI,4980030,2798762,
1604624331,2189946,7383224,CI,6741179,4831931,
2471496915,5352455,1440627,ID,2008401,5426181,
7228311370,4964829,3845474,ID,4384650,5085644,
2546814413,5350209,6510706,TI,1582094,1693397,
6667421731,5274741,171318,CC,6829356,1568595,
3622370661,1316961,2085884,CI,3081719,823480,
6579159365,4442489,7710038,CI,5392894,6086051,
6453030282,4655075,6289033,CC,3691787,7155116,
4627670797,8492693,3124128,CI,4654960,6155419,
8157623037,8187515,5633035,CI,2202120,8094569,
3196961447,6242174,372957,ID,2797038,3423951,
6510605171,7254046,1914172,CI,583222,3933396,
3306775867,408891,7277790,ID,2683113,4023048,
4494546491,1355548,3544276,CC,55134,6320907,
7770581894,1546457,5122230,CC,1516176,2957822,
7454739716,3237740,4887749,TI,1709654,1564131,
531809377,5566775,7433087,CI,1924351,6056299,
6073692233,3346523,2695709,CI,3796161,3410887,
4546654901,3176216,5481110,CI,5690884,5750940,
3116823015,7212929,855300,CC,1638027,5838897,
1777285374,7584553,8252761,CC,4799029,4149345,
2804656675,7472268,1804117,TI,6605408,2503120,
3359046938,3114227,2428940,TI,5723687,1293365,
3675691999,8257025,2999755,TI,1312768,4556457,
1795345457,7691019,8449560,CC,1237208,7406430,
6937897519,527560,3630916,CI,354967,3235865,
3123333029,6218369,152682,CC,1427587,906878,
3802412096,3033834,8081816,CI,2516681,8207765,
579714290,4738858,4501241,CI,8135834,7280831,
4774569588,7154007,6279067,CI,2144431,2028067,
4103504498,4277417,4566693,TI,2717189,4743625,
4361828371,1136788,1886915,CI,4731228,1539284,
5742296026,1025239,8401658,CI,4485834,4524565,
8231236462,5163221,5239019,TI,452913,7792571,
5326066747,1370436,3151587,CI,4993716,6695426,
5844914740,5062931,4060177,CC,1941602,3150573,
211995417,3967710,598095,TI,3294935,7517083,
3053487027,4738830,112837,CI,3122889,1706244,
3825557,5782238,4447027,CC,4184703,5337079,
3254757693,4919576,1247189,CC,12403,1584480,
3164808596,7878366,7621792,CI,2658062,5468695,
39515971,1499100,6777123,CI,1869658,6137614,
1778824618,5049175,3593693,CI,6457806,7967137,
2423474125,8358672,7965493,TI,1310524,5119382,
8395263333,4489769,5849247,ID,4297175,4847783,
4155218629,7901264,4278079,CC,980813,1482569,
4873242162,1659028,6045875,ID,7091338,5029558,
7899435065,4832217,8044337,TI,3043168,5804614,
6346907293,8085804,3072992,CC,850615,6373433,
5497011800,4979917,4795465,ID,3934516,5553151,
6501560624,5854766,8343670,ID,4297058,5447029,
6014884942,5652394,1221107,ID,1039389,396121,
3744091842,8345794,3836330,CI,838856,7131117,
8176897343,6472559,3611551,ID,4703369,4812819,
2228411667,8518729,3951781,CI,457568,4386236,
4867968860,1685295,3430157,CI,6979175,902808,
8255843311,3693038,8497746,ID,312438,938586,
6463048901,5620903,3966510,TI,333220,3765405,
5247404857,7622543,528908,TI,122927,4913259,
7181489865,4284752,462966,ID,7878397,2003244,
7270852983,7999055,4953813,ID,6977606,3339341,
1343020072,2579673,5398667,CI,1450252,5971121,
2672114998,8387208,3910049,TI,204834,7274950,
2822292915,1174371,382232,TI,1556852,7289103,
8383164640,2107569,5363260,CI,3420461,6884801,
464371123,3137669,371567,TI,8098222,8497255,
2234445658,5622195,5113021,ID,47586,8183872,
353027709,1552313,4746107,TI,8335969,1943845,
4379346119,7196970,5389621,TI,8215380,1998278,
4099470537,6557014,8557696,CC,2716411,1491262,
5457695106,1376165,5527881,CI,1055003,2155706,
2230195190,757897,3940781,TI,4926420,5990818,
6883245794,6103664,2253494,CI,6986665,6609082,
7048890395,2966845,4739470,CI,3685321,5305599,
6678578900,2467527,4030734,TI,7583573,8471644,
524376076,2491917,7697674,ID,4846649,6236228,
2809026938,5635157,3232701,CC,7597895,604782,
6116354549,5347416,1779705,CC,7880361,1754680,
2746850764,4368955,1176828,CC,1023953,5942940,
8193643002,3930909,6840287,TI,1305002,4453666,
6160129570,7455807,5022435,TI,2164049,2133532,
6083430102,4038948,4509178,ID,6508682,7511069,
3995451203,5744960,129998,CC,5913599,5971056,
1016876889,2247814,3889041,ID,3171139,996105,
1458609120,4829098,6415249,ID,2289369,7899042,
1674564833,5288393,124569,ID,4072365,361097,
3685996159,4800438,7017276,ID,2051571,7722187,
8042174389,6400491,7256156,CI,5225344,4366589,
122373550,4728008,7330395,TI,6482768,6950205,
7269192879,5374175,4487308,CI,3713152,1557857,
7446754486,1172347,4055643,ID,3857385,3275284,
7702511939,8398152,6381650,TI,5970297,8411876,
1935359776,2021363,2607517,TI,5154333,3916149,
5057113692,1855125,6145198,CI,8507045,5064458,
1910352048,2548653,6640653,CC,81440,508330,
646054347,3167514,7969421,TI,2607313,6233230,
405422351,1190192,8448239,TI,5741497,7104890,
1025177520,2535577,3733702,CI,2551540,3638699,
2960002531,2498488,5629990,CI,6086,8269244,
1991048611,1804287,3955578,CC,1447309,2671390,
2293001183,7701927,7764736,CI,7878585,3064672,
5418167524,6627133,729018,CI,7100345,2970654,
2378276538,7335985,8474518,CC,7476427,6571121,
3007234812,8407457,986586,ID,5163678,1604619,
1599037250,5918413,7173165,CI,1091741,3199835,
7043108652,7589288,6771437,TI,609663,6353832,
1616269031,4418051,2378032,ID,1234374,6436473,
4275433733,2829221,1582222,CC,1654206,8398399,
2178991564,8490302,1733102,ID,6329058,1869706,
7009555015,8519879,1489926,ID,5397633,5104644,
6100659199,3968695,7197059,CC,7858733,8564278,
5170114276,5239373,6673920,TI,6578278,2950091,
4987601787,3827990,7434825,CI,1760495,4022920,
948334498,1084803,8010900,CI,6259662,4163840,
501065615,6852674,7531317,TI,3002106,4562221,
8235633491,2575022,7152396,CI,131178,6346589,
6674532075,7420679,5436716,CC,7887535,4699476,
8388445216,6905511,8563817,TI,4637345,7175669,
4513282924,4231468,663279,CI,7685664,5554394,
3453839955,7786516,5823919,ID,6750151,4350380,
6709043362,2204536,5516169,ID,5925925,311357,
6490803637,748498,690920,CI,1534663,1291499,
7971659354,7425731,323631,CI,859068,699770,
8290447208,4405739,3231064,ID,1547127,2423640,
8328144736,4372700,5725719,CI,2449975,4785119,
2546841510,3864167,4988460,CI,691674,3773760,
5801021359,6183305,3892362,CC,6203607,7631828,
1639427593,5221151,423751,CI,1813171,6625227,
7137885080,5510482,3858011,ID,3620044,3449530,
6033510083,1921698,3129423,TI,4347505,1553199,
161361453,4068274,3477936,CI,5445938,5497591,
982026802,1168985,6490298,CI,6547484,3531553,
7753199059,8279215,4053697,TI,7633566,712448,
1635028487,1581441,8178910,TI,5133097,3987801,
6778438168,4161016,17496,CI,727546,7329870,
6688151677,7374642,5509717,TI,8367360,79951,
400130028,7848906,5526444,CC,3692549,2435065,
2495996159,6079969,7569799,TI,3888597,2012479,
8072315341,5749053,1592504,ID,2120276,1907173,
1823137288,5721032,4196276,CI,4335861,169282,
2189616391,5575949,2508942,CC,2768317,5861055,
8220911509,1156076,4072193,TI,3606264,8364873,
5014275492,1212997,1470601,CI,4609859,1624284,
1963306228,8432753,7249791,ID,2973225,4251225,
1087255650,2869509,1448942,CC,6041857,6260641,
3294232722,4647956,7864365,CC,8038040,7266484,
6599437393,7820154,6018304,CI,7901104,5859633,
318644513,3101725,5943470,CC,5939150,6684317,
8535083325,1005512,119709,CC,367130,5479379,
6320509909,8316434,2221303,TI,3355710,4246916,
4316118515,1287897,1593700,CI,4687850,7370543,
4696541632,2704899,8030274,ID,6763048,990093,
8416969701,988157,2106684,TI,1777335,3614603,
7199653997,5865364,6685407,CI,2025772,125240,
4594979600,4174379,575595,CI,7588140,8448042,
5575771076,5663758,8370439,ID,988855,6148071,
1035342276,4852843,5347213,CI,7201731,3642162,
7256223912,8520040,2721439,TI,8183832,1867629,
1694781741,5072284,5907914,TI,3525559,6871268,
6213555407,2454901,1863119,CC,41643,1591974,
2081855779,2089180,945770,CC,6617429,2844722,
7368701952,844300,4321941,ID,5398020,7386812,
1958304863,8137142,2877472,TI,912999,4703510,
6900283796,3542362,3409665,CC,3485027,7561521,
1925795022,8216895,8048287,CC,4589497,7941101,
2260781697,299251,6562627,CC,116750,2733851,
1094661087,2056889,7274075,TI,2000985,4963846,
6216091894,5426853,7866835,TI,7436524,5729676,
7237441774,2671714,7301679,CI,5895708,5826115,
2313163199,1109571,2025867,CC,6774151,4532793,
5928669479,8314863,6032201,CI,2063493,1090410,
7557839951,5145343,5937120,ID,4046883,1567865,
1553652236,469883,2982821,TI,6256531,7012357,
1377904507,2074089,4919837,TI,4503257,2637239,
1284177182,3080522,3924948,TI,867550,2517316,
7121682083,7767571,8022166,ID,2699165,2222144,
8550417606,7978352,2895244,TI,6117364,2291100,
3216035123,7947232,5131216,ID,2831509,8268640,
2037198037,6580332,87750,TI,36939,4004669,
8460696539,7167062,6330436,CI,466484,4393751,
7226447541,5282315,6039826,CC,1964816,762675,
4856803855,5364963,7611004,CC,7833098,6013066,
4612399630,577482,1235506,TI,2824895,995799,
759727598,4657184,4487944,TI,7970247,214160,
2722252200,8101667,3625969,ID,2254962,5316741,
1701999087,5314549,7664216,CC,5933122,3103536,
331175866,8295101,801778,CI,4406341,7167010,
5522627089,3758847,4304155,TI,4050677,4286517,
2777593109,1159037,6129651,CC,6067031,1963076,
4892189435,2778486,1021887,CC,3113678,8242832,
1021980366,6304867,5525866,ID,517923,3086890,
3294695495,5438996,5053771,CC,2003942,70515,
7547533583,3423426,1666353,CI,1324040,2646839,
4107861289,4964451,6040711,CC,3033440,5047420,
5912878758,8044020,1369770,ID,7968096,1212115,
7987587330,8209393,4986917,TI,3557870,7000401,
4658838340,811574,4570987,CC,7308483,648522,
7448599951,2333162,6437207,CI,1496997,2541999,
6929112755,1253191,5682568,CC,3777461,47052,
2303263773,5651053,7507898,ID,4092076,5126800,
1355120399,6017351,552920,CC,4557392,358160,
1469466033,2793275,1470469,CC,4274105,6126280,
6607061958,2877561,7662924,CC,6651975,6766456,
5866064947,6837860,4571143,CI,2626297,2653918,
3329345968,97876,1243945,CC,482887,1956351,
5710804621,1356909,1085233,ID,8081738,7232231,
4003756226,7652820,6770196,TI,4904334,2215449,
3964666032,1334120,2211489,CC,2824857,1655011,
2442786701,6600440,5557691,ID,6111957,5255064,
2463466638,4966510,5707087,CI,3642861,2359272,
1516416067,4174000,5405218,CI,6017638,7844335,
7140685253,1049960,6987825,CI,621981,7538445,
3641581034,7358790,8274642,CI,3871872,4292864,
4655131081,4732412,5763319,ID,2001816,6144946,
3518675842,7245700,4144043,CC,5309566,4991461,
8099845740,8472662,6937723,TI,6363707,4537503,
7579295391,1224494,7619898,ID,5744259,403989,
2552040286,2442796,1451781,CC,607517,739425,
2282677863,4975429,3614309,TI,401433,2004410,
121202549,4628951,7850027,ID,4286508,5429034,
7760352346,3514215,2590352,CC,7525708,3208000,
2913493442,1971189,5740260,CI,2932422,5945831,
2187416990,2303067,2379453,ID,3751634,2338901,
5638648198,5146326,3849027,ID,5624952,886402,
7913143475,1387417,444031,TI,7011572,6698657,
4871884168,6068011,7805425,ID,7500681,6666552,
4784404728,593119,1341043,TI,3533886,5572109,
7434522886,4479757,170483,TI,5407875,5145894,
8207569224,2905716,2910309,ID,3140875,2430272,
1898598538,4940034,2078541,ID,80367,8143825,
784873479,1422044,2601266,ID,2264995,4405946,
7141415751,3007755,4099543,ID,6036706,4129039,
6272153173,567419,4890541,ID,1006594,5780552,
1731868428,8190422,1416308,CI,5911832,3177867,
8025119686,4703993,2782447,ID,5643126,8189992,
2766216984,6196937,5652819,CC,8115113,2494567,
3196063298,460516,1586471,CC,6620146,1210877,
5003754312,5730793,712086,ID,1672269,6060572,
6298211633,7523772,5725979,ID,4412453,5042634,
7066811069,7326745,1008436,ID,7137748,6759585,
6229244482,3909618,1056011,ID,2509583,1633687,
187544898,3105764,1088271,TI,6168416,5873648,
1678245205,751091,4468337,CC,2888072,4637692,
7990761284,6585641,2382031,CI,3942771,109414,
2966523636,6109708,2641111,TI,2330089,707609,
6441947196,1707228,7162094,ID,240296,3541104,
7572787137,3201112,5495700,ID,3387022,1473334,
7136798119,2166354,1361314,TI,1249113,8071806,
5975158178,2608086,99155,CC,6352312,3188410,
593773357,8204754,2559979,CC,4957674,2523162,
5337458781,6675446,7203248,CC,3482588,4470773,
1523381417,6503610,8097068,ID,7106261,931541,
6959574208,125937,265652,CC,725244,6603719,
7865872208,6883934,3453631,ID,6598916,2478825,
1678777486,8414395,5248900,ID,5980063,3616407,
8379258401,3358708,1367632,CI,5967000,1652052,
7058517203,7156451,8278273,TI,7974328,3449656,
5565616464,4253211,5735292,CI,2613596,4923699,
1041377090,4622094,7841606,CC,7017568,3314300,
2040424973,4925466,5590892,CC,1045230,2990734,
251962330,7469837,4580857,CC,8257557,2021201,
1769310529,4413875,7357377,TI,6335909,8164603,
7469604917,5048558,3619882,ID,8487009,1432444,
1342793163,1381562,4178963,CI,5186715,4559052,
6365763127,4468146,1606481,CI,4543394,176696,
2472621671,1063094,6938781,CC,4193034,6419723,
5471958475,6257684,2886282,TI,7680131,6831494,
4752230052,2205443,2138223,CI,5315251,6538797,
8148523215,5049278,6928434,TI,3798278,4637681,
6408184132,5846517,5184616,CC,1994898,2505299,
3613033574,7317362,6900457,CC,6090969,2241847,
2788296256,5931980,1259930,CC,5917120,4894095,
7524753313,8547330,185144,CC,6049116,1988877,
4644232313,2454845,2788128,CI,6278069,3171616,
2724220270,5164161,2518704,CI,341977,3701730,
2834838411,5116226,4129993,CI,6960955,5067663,
2871455104,411536,7316351,TI,4183526,6932929,
7865402940,5381051,2876682,ID,1364074,2080761,
7640293066,7463073,1198856,CC,53769,1426079,
3926776837,452052,4596210,CI,1167815,7219678,
36169044,7467848,6247682,TI,4518147,2858693,
8131776137,966511,4329369,CC,4514993,3148598,
2995440327,1849502,8147122,CC,4659872,5885259,
2947787750,2659265,8128146,ID,6714923,3054876,
4375380906,2337044,6000095,CI,2908869,7661380,
4042156849,4973179,2327344,ID,7163201,2224244,
133141691,2536468,6022159,TI,554416,8031517,
7204265914,1486151,6780250,CI,5438549,3231549,
7590170122,3973016,1251752,TI,6387895,891007,
1649996161,1524002,2823396,TI,7088828,156641,
2864452517,4989874,6263824,ID,2776866,2535247,
3394822364,2939226,3469127,CI,2719812,1618496,
1098141306,6287483,4111809,TI,6952056,6837874,
6924523565,3129984,5796481,CI,7596748,7610603,
5234364053,2330224,2579816,CC,5376388,8467994,
6121308310,7696665,7448689,ID,8534807,3234892,
754301919,1968709,1268179,ID,896864,7855522,
6992520980,1109391,7980762,CC,1236796,5537869,
2960099050,7464018,1741644,ID,5841006,2537487,
5132774670,5480526,2913761,CC,3658900,5521710,
5619302879,6214178,5055563,ID,4529628,526681,
7776518467,1232844,7019266,CI,6185822,2400603,
6827912541,3792239,731760,CI,2048787,3695436,
7794563598,1558653,136282,CI,588133,5509635,
5645317321,6864690,3411445,ID,686609,8171887,
501344511,7484480,5753707,CC,2372122,8311701,
1469229395,2161877,2539006,ID,7165236,6030675,
2449369718,2841566,2394231,CC,4444452,6274746,
1850037574,6163474,8337097,CC,7884451,4747985,
7541722634,3087194,6453999,CC,7468601,7415,
2411595562,2666730,1598185,CI,6798254,8059464,
7940296962,2789320,1809841,ID,1748183,8496673,
2804592903,4807467,2675529,ID,5586003,7251408,
1673871111,2190909,5038441,CC,5021071,3138542,
6937208609,7411647,4401944,TI,8465866,376160,
6080918798,4432608,5126745,TI,7996821,8105829,
5708522516,1914197,1167460,CC,180800,1764804,
3118584422,89383,7547643,TI,2927198,6601641,
5240274636,8131033,7182244,CC,1321585,2243785,
4485145875,1246620,3361787,CI,5913684,2547428,
3320822849,3985350,2965274,CI,6141876,1027916,
1032793642,2791059,2126073,CC,5447962,1900414,
6528290928,2570653,2569684,ID,6289516,8215358,
6365912838,1172026,1599208,ID,34556,8041606,
2351048756,2226002,4085042,CI,3509094,1206071,
8203533732,4453774,7568549,ID,3143045,1874039,
584381913,5715446,7370808,TI,6004920,6822547,
4551309612,4274208,6296105,CC,8251476,7275255,
851898818,2553353,4044417,TI,6585041,5689456,
4579607993,2587670,5336795,TI,5922045,5425730,
1878985861,308929,5096797,CC,7051868,2659060,
7038879559,5854640,8324191,CC,6286810,3594895,
3733702656,1014566,7595782,CC,4121495,8187977,
1718553946,4658366,2289696,ID,5965228,1126909,
5473528895,3308024,877558,CI,1435769,3630221,
2543504391,4831482,7559694,ID,7261665,4524535,
8273730584,2263258,2361759,ID,269096,3067488,
4916661221,3401271,1079028,CI,3180434,8006086,
6950372611,4694095,185705,CI,813026,1883238,
2219104300,3774069,3854441,CC,809334,1250432,
707359857,6578554,2917951,TI,280389,6099184,
7528033397,8385664,7335051,CI,6397572,4768212,
1383123838,6222081,4494686,TI,4304067,6457465,
4977850769,3999258,946651,CI,1579740,7020572,
5813914209,4788593,625032,TI,1676893,6863189,
4768448664,4811987,6874369,ID,2785779,782133,
6655443344,392421,25004,TI,8166346,2067451,
6059882386,4505688,5458516,ID,4309736,2589176,
7848050710,7227102,6290359,ID,8517519,1757259,
5421784169,870970,3301159,TI,4032685,523839,
4904378504,8087457,208349,CI,3000887,7971113,
3959527967,589863,7879069,CI,3339087,445324,
1819091747,6580901,539934,CC,3439597,3563427,
1077445486,8038003,2844258,TI,736896,3412651,
1148583379,7620444,357572,TI,5527902,8337575,
1327806137,911705,6797602,CI,8431443,1440854,
3924911513,3641854,2673428,CI,3474765,7340765,
4532165745,4603023,6329883,TI,2580589,8172039,
4966013727,2177299,3788889,ID,4968024,3243392,
4884137199,1794676,5478517,TI,2478066,8523242,
4638801942,230876,2126647,ID,968579,6025209,
2997504125,6178818,7828968,TI,4216688,7989263,
5173023412,5281881,6962491,TI,6190533,942406,
555425758,6023182,8085219,CC,4793546,6098334,
1152499020,2587487,24359,ID,4222547,471167,
1611077861,1234699,5295933,CC,380794,4102980,
2156421439,2360348,2319451,ID,6580617,4537181,
2263617165,3616155,3120196,CC,5570977,4161275,
6925765297,2455127,8295322,CI,1867186,5506911,
1362696488,7811423,1646442,CC,4161499,755311,
7459099435,7038394,8176345,CI,1616673,8169824,
2133636962,1737499,3708647,TI,2550275,4453920,
5920243322,346862,3640445,CC,7327983,650745,
7677946933,19338,7303357,TI,3188194,4689764,
398223489,1667000,1540161,CC,6945185,349427,
1196981040,3987254,390565,TI,4571818,6513238,
8342441662,8184872,3771079,ID,3922812,4880871,
4584472277,4905089,4603177,TI,6718086,5012185,
6116169434,5158275,1710858,ID,2692373,41116,
5651342684,4546766,3391065,TI,5214836,4709842,
6917756142,7058537,3005719,ID,7313505,1257192,
6726886700,1481359,8017554,CC,4030184,7613872,
4264266831,6323365,2773049,TI,3291236,5556028,
265145179,8438790,1762506,CC,585302,6699129,
6487637180,556830,5819705,CI,6961476,2106643,
3672586675,5756335,5439118,CC,5742985,8376466,
4852229594,2097414,229885,TI,3664229,3177019,
503468340,3904368,945516,TI,5244974,3434279,
5462389247,489174,4973423,ID,8499710,2533080,
8493494341,3509100,394521,CI,1561528,5291468,
3463739481,2754900,2709389,ID,5542435,8323980,
3503023982,292808,1343632,ID,1725366,5510485,
3547734513,6744872,2254851,TI,8246917,5851441,
4189131018,4766935,6831248,ID,8080320,6684158,
2711929617,2297283,3714391,ID,3816304,5220707,
7566759413,6634680,2349225,CI,5581879,4203778,
6376813103,1216677,5501585,TI,7521735,6464331,
3825435297,4242143,1985754,TI,5593208,1289346,
2475807236,3380412,1771453,TI,55195,8020477,
8469334666,646742,3886884,CC,359576,2924069,
5625002775,3151165,6680272,CI,8500234,5230138,
3566026054,60810,7738559,TI,7504603,7022689,
6681497926,4846864,4404997,CC,4433510,4911856,
8431967211,1835782,1026732,CC,292513,1323972,
6788536553,4004769,7066366,ID,7427895,2674566,
4875657739,5132581,4532618,ID,7795596,6466452,
281713006,5361025,2644256,CC,4620322,1475269,
4407309473,1730324,8404415,CI,3148794,4462639,
7936528414,2961550,739948,CC,7372348,1976367,
2859280449,2443903,3581242,CI,7230904,1539504,
6884151229,1106021,1809070,CI,762044,7842836,
2292870529,2548196,6844258,CI,6457581,7061083,
3082745397,7219647,5849772,TI,4817254,6810539,
3638604921,4959176,6754415,TI,2707946,4089420,
1286228032,3004988,441460,ID,8326854,4245567,
5723089680,3984530,2639787,ID,509208,6014057,
3354432382,645973,2190983,ID,3406239,213673,
6685320429,4773298,3774561,CI,6779874,5036565,
6114444375,3119293,4476209,ID,2551987,2313630,
7159955151,7639048,4340889,TI,3400983,2915652,
3663403714,6788687,4815527,TI,1076711,6989835,
705355140,5489873,4499994,TI,6048696,8007620,
1905081684,1807767,4962177,CC,4641097,2520784,
3720380497,633124,1325253,CC,207731,4278509,
8079658119,2439266,3994306,CC,113096,3461454,
264123478,190028,260788,CI,6999316,3481437,
8043581481,6964144,6400789,CC,2564635,327832,
6676482123,3894597,1756232,TI,4927910,5963194,
5014634955,2461561,8538649,ID,3440735,7847765,
7689179999,1525595,2158427,CI,6368477,7273206,
3978223644,8167585,4339651,CC,3078912,2639399,
6624599202,5880014,129063,ID,4101333,3085818,
4043957198,3322204,7167051,TI,6802156,2845298,
690347606,1597641,2822151,TI,7163938,4078726,
5938626177,5659812,6129795,CC,6109232,7001848,
4279125486,802589,1465998,TI,4465292,4385693,
1565287959,493216,4656188,ID,4588986,1271700,
192150781,2920837,8485760,CC,3029044,6995149,
787341070,5151328,6363283,ID,4225549,3585085,
8179037344,1366822,326147,ID,2904300,8423699,
7613248413,6380389,6186489,CI,7272304,6281730,
5598137317,8188822,1799751,TI,6561399,2700392,
6383826706,4322454,6744474,ID,6443778,4802345,
6415842210,3781627,4329069,ID,2257070,1084288,
122854656,4809636,1723165,CC,5924490,1720355,
8253145367,2367357,1278437,CI,8155911,5912384,
6671562470,3613592,6108685,CC,686343,7603250,
2146963673,4668587,7567501,CI,5747746,2071820,
4574841647,5111824,366600,CC,4028497,2161285,
2166321565,5112359,6245073,TI,1789187,840376,
2322490089,5188554,6004496,CI,546956,5937898,
2063899875,6645743,2281162,ID,7488840,5970936,
6812864416,8014419,3712942,ID,7181628,2314451,
1770065110,4501003,3991174,TI,4763045,7282112,
2157216980,431420,238673,TI,3749094,730052,
6543935295,3354643,2845269,ID,2542391,5870966,
3028700961,4993960,2950453,ID,196212,7253826,
7903797877,106598,7886432,CI,2717615,157241,
6816560743,3105875,5421068,TI,815976,6366854,
2886528895,7034785,5681431,ID,170723,8122236,
6738513236,7589404,1361083,CI,6334232,5108074,
