8161385878717865747,Christopher,Janice,
2488422476800119864,Kelly,Albert,
8196262523794902853,Frank,Rebecca,
4686381418360451324,Jose,Joseph,
6188092464032603675,Barbara,William,
3041307951230663825,Sally,Josephine,
1022314883041670836,Brian,Natividad,
6551092956092392885,Donald,Edward,
1591741580932170,Bertha,Ida,
6476677516203230483,Kimberly,Eulalia,
8431609586846698556,George,Mary,
6950836666711279338,Anne,Elsa,
1766531737028802345,Elmer,Karin,
4560484548167119649,Fredrick,Marjorie,
7690498752086173504,Michael,Mark,
1811288130931691241,Anastasia,Kurt,
3790266190149601490,Gail,Pauline,
4912694933467878355,Robert,Charles,
5237744702281954583,Paul,Mary,
2686824535270650615,Melissa,Jimmy,
763071393093179605,Timothy,Christopher,
2447084984627252002,Kelly,Bobbie,
8526583116631517092,Christian,Frank,
1720563898822121322,John,Jeffrey,
826263024147503751,Francisco,Mark,
2223165577459150261,Linda,Arturo,
1464721198509507381,Evelyn,Jacob,
1231154850611624820,Roger,Patricia,
3880793911115039936,Richard,Kimberley,
3879162537720844474,Paulette,Leon,
6926357277121511803,Ellen,Kristen,
5816150841479074001,Mildred,Maggie,
5593771686253104948,Patricia,Mary,
2587270258047478946,William,Roger,
5317896500308692655,Richard,Angela,
3589471537011157447,Vernon,Sally,
941359785393131337,Audrey,Benny,
362559646053951546,Sandra,Fawn,
681088564504533999,Jeanne,Charles,
2519613772827459897,Francis,Martha,
7074750130701271201,Thomas,Dolores,
3823906410411388413,Christopher,Eileen,
4808049921017665615,Nina,Emilio,
4185299795748810283,Patricia,Mary,
4887489241119800968,Robin,Matthew,
3274594920384917286,Hazel,Richard,
5953075297219943858,Celia,Nina,
1308518800151789340,Joseph,Eric,
5852742283942093976,Anthony,Bobbi,
7458131377276018870,Briana,Eunice,
3078725255029723371,Robert,Matthew,
1405283316879857990,Jeremy,Charles,
7411423490627091887,Gerard,Ralph,
8189185005531523400,David,Frank,
6005735126091854744,Faye,Scott,
208066668015130854,Cathy,Dorothy,
1534095866675712409,Donette,Carol,
918729563379453297,Gail,Kelly,
6587598351501962123,John,James,
6978527987668594154,Cristina,Marlene,
4699077747094850483,Louie,Sherri,
2901004702534349604,Erik,Linda,
6995393323642722264,John,Rose,
5218914414767211422,Darrel,Rose,
7974255856341104724,Dorothy,Paul,
2535621808998885433,Bonnie,Raymond,
487991379887223304,Jerry,Pauline,
6512496283766138300,Carol,Jason,
8477249092040141821,Bradley,Wendy,
2347184150673400626,Leon,Joan,
6147159604449375081,Roberto,Martin,
959544585819980174,Stella,Darrell,
5308864280906592253,Albert,Virginia,
2730992424372103157,Seymour,Daniel,
2790149557471124061,Herman,Joyce,
5633401496893157997,Colleen,Linda,
4233020767641713479,Frederick,Craig,
7805096074205220289,Robert,Helen,
4344277246815634025,Carole,Gene,
1415167792635362177,Timothy,Sidney,
8350017432011867064,Donald,Lucille,
7910881426747504004,Eddie,David,
1552093470260439964,Virginia,Coy,
1093067124179380533,William,Helen,
4715969284214837884,Lloyd,Karen,
1460772456076617031,Donald,Lydia,
5016659393974766760,Nichole,Amanda,
3462148053305464713,Geraldine,Gary,
656191910927580679,Peggy,Elias,
7433315953871163712,Howard,Dean,
3966452049582977548,Pearlie,Eloise,
477160153596223327,Pauline,Francis,
1581001090636886967,Herman,Catherine,
241963049190949557,Todd,Cynthia,
5898819493315097105,Sharon,Lisa,
3493727306218033155,Maria,Heather,
550753119898439183,Robert,Michelle,
2426359614404777968,Theodore,Scott,
3273453186138709383,Denise,Tony,
7562582766290901505,Mary,Kelly,
3847782769658294302,Mandy,Antoinette,
7551225138917901000,Seth,Lindsay,
2597877254035983478,Aubrey,Miles,
4242192201323477680,Alisha,Dane,
7796928167991199792,Keith,Melissa,
7592211715931817843,Terry,Olin,
4995404766469764843,Elvira,Julia,
4824404827236825848,Derrick,Charlie,
1226471723135001430,Nick,Kevin,
5768339725503740977,Kermit,Dorothy,
2807894988463968777,Richard,Dorthy,
6232772511645158404,Sarah,Steven,
2328215488632739318,Michael,Elinor,
3241985338650063325,Ted,Roberta,
1086147136920844387,Suzanne,Julia,
1799368553972272787,Ramona,Violet,
749912014997962590,John,Nicholas,
484813851929029333,Dollie,Joseph,
5094688317722495370,Brian,Goldie,
4186936404197219867,Angela,Jesse,
6814505862407093128,Socorro,James,
4071297054333720123,Joyce,Filiberto,
6939350916803596176,Phyllis,Margaret,
3991351228031596718,William,Jason,
5734809160608122071,Ora,Elizabeth,
6544939306755098506,Mary,Drew,
6711734007139263964,Loretta,Richard,
984169122898923438,Addie,Nancy,
7608288438960705288,Anthony,Heather,
4820186455673440220,Robert,Jackie,
6957449843109007483,Daniel,Larry,
5582045798816167629,John,Rebecca,
7326768797380874605,Gary,Naomi,
2617146593029053177,Grace,Nora,
5281564022191983915,James,Margaret,
404653455673095918,Larry,Margie,
2668985123732970294,Kathryn,Walter,
7918687832641633900,Jeffrey,Bret,
6580970181526583337,Richard,Julie,
3303114768967338559,James,Dennis,
4305208713861388320,Tommy,Craig,
7991529607238934775,Orval,Jonathan,
822453021272540595,Diana,Charles,
2204997963542641467,George,Charles,
2595626892424223346,Elizabeth,Leola,
3592296729440551074,Michael,Evita,
6607511872536203540,Eugene,Joanne,
7188482370258761458,Marion,William,
1667361264999061466,Barbara,Peggy,
3738135955412961927,Benjamin,Joseph,
3370055994209726299,Martha,Amy,
4970537669361482586,Tonya,Herman,
1849270288725851951,Debi,Danny,
6632562368808619860,Adrian,Bob,
4364614589109778921,Chester,Terry,
4895012338440220965,Annie,Kathleen,
8270136573982569297,Juanita,Caleb,
1470241913801663157,Maura,Ann,
935747889993370789,Burton,Lee,
319752868799794655,Daniel,Donna,
7567710250474133922,Kenneth,Angela,
646134409731295818,Misty,Matt,
8149368250711896700,Antonio,Cherish,
4889919240754469130,Alfredo,Paula,
6671365545885906292,Robert,Dominic,
7227324822455777687,Saul,Susan,
1411642686131298752,Angela,Scott,
7294553732959159258,Julio,Annie,
998132852894892680,Betty,Curtis,
4643852587242565057,Steven,Madge,
842796602403299353,Ernest,Jose,
7730225608275601051,Paul,Mary,
152579128771211253,Timothy,William,
7170532270581038262,Monica,Leanne,
2292151560843598314,Marie,Melvin,
7678785741898718149,Patrick,Claudia,
1661800720989118364,Daryl,Robert,
933702714616540771,Frank,Melissa,
5063636821098300046,Rachel,Thurman,
4608523593956799028,Janie,Linda,
2338868935033513505,Toshiko,Beth,
7208313544618223900,Corinne,Sarah,
5145034106958255554,Louisa,Julia,
4024885524966117213,Ricardo,Mario,
66525847147505832,Cesar,Kelly,
8154390231775889870,Paul,Christina,
98667241376577810,Perry,Mary,
6406745429784260079,Gale,Mitchell,
6205067939783324206,Aida,Gilbert,
3516864385068631364,Julia,Charlene,
6450859014654353219,Carlos,Ellen,
4805340857854818783,Barbara,Kenneth,
4935957309577866603,Earl,Donna,
5328108884992435350,Jose,Mercedes,
2820483872301069551,Ollie,Belle,
4986426795572571701,Gilberte,Jame,
1625597822040595087,Nina,David,
5286909835889272408,Laurie,Allan,
2987887499296544834,Debbie,James,
47423180762902740,Brooke,Ruth,
6136254815175024867,Amanda,Brent,
4097823933933532137,Albertine,Kenneth,
3772142806265275805,Terrell,Hermine,
3710096141537316636,Susan,Tod,
7193887008883754225,Dorothy,Shirley,
7278597707185101185,Sam,Donald,
6485316836287182189,Terri,Gregory,
1115884310061692414,Sonia,Justin,
2827348923983192357,Marva,Flossie,
4256036509336043759,John,Michael,
710033521805663996,Patty,Kathy,
1313512701317171421,Anitra,Jessica,
7855198720432828397,Dorothy,Brian,
2064399735091646556,Priscilla,Alex,
2013467873382978131,Charles,Willie,
5592345310655375817,Raymond,Denise,
4564724622275488556,Kathy,John,
2718407890925745588,Joseph,Spencer,
8430645408242204019,Clement,Laurie,
6065208518529369004,Maria,Lori,
7962028252143175790,John,Gregory,
948737771449841953,Dale,Clay,
6009099200832681368,Pedro,Ronald,
1906634027649720152,William,Delbert,
1883070145663172867,Dorothy,Juanita,
7253475832150110228,Wilfred,Jamie,
106771655411291154,Janice,Julie,
6800695625279098263,Gloria,Loretta,
8247780580947767932,Nicholas,Christina,
8173721762305455070,Sharon,Melda,
703909123773341010,Terri,Claude,
3506274106584986773,Carrie,Nicole,
667268873601424653,Marianne,Elizabeth,
1275166965233961124,Jose,Johnny,
3427154423314497217,Robert,Miguel,
4148965658527384494,Michelle,Jonathon,
7287436740944098580,Julio,Miriam,
3719799065652570635,Daniel,Kenneth,
1578417366928931209,Pablo,Terrell,
1481720940377852192,Richard,Letitia,
3308678318226694327,Mercedes,Ernestine,
4289970982507242411,Andy,Linda,
3790646954961998688,Shawn,Cynthia,
8245680442041703107,Sandra,Miguel,
1349019697263320312,George,Christopher,
482573953427037119,Andrew,David,
7731157713046331515,George,David,
5836760205501106102,Timothy,Annmarie,
2869931274589650297,Janelle,Greg,
2089778219844317100,Bettie,Jorge,
8232787548517652160,Michael,Connie,
1058441934299507530,Chad,Leo,
7321616480960462607,Caroline,Walter,
5962325896122711797,Antonia,George,
6183560915935352408,William,Scott,
8338426182001671448,Ronald,Julia,
95674697387358363,Calvin,Lillian,
865536707135116451,Lois,Mary,
5019882952504126433,Edward,Danyelle,
1355619016391388152,Nancy,Patricia,
5131579449141216126,Donald,Robert,
5833905584949895209,Melissa,Martha,
1977998312258664729,Maria,Venus,
7236030365075692692,Ora,Kimberly,
248614342438186765,Cassandra,Delores,
3794943809624177272,Melissa,Lynn,
7882555468051308305,Cecilia,Liza,
8347929992589537027,James,Carrol,
3772940881506516984,Charles,John,
4135319706594827027,Thomas,Lawrence,
6201076734551001960,Kevin,Chase,
7761967562957334562,Corrie,Mary,
4764623203694366997,David,Vaughn,
5204458565379806385,Elinor,Bridgette,
1241163682234254411,Mamie,James,
2581599505492637465,Mary,Aaron,
4881502263476857062,Micheal,Crystal,
2822945802017841493,Vicki,John,
2858887566020091007,Elizabeth,Theodore,
2002325276335105733,Justin,Myra,
7861593182165512281,Bradley,Jeremy,
1592312903320404459,Elizabeth,Jo,
2982365631626381710,Lee,Richard,
6289918382829419235,Nestor,Kenneth,
8321318066773703768,Edward,Paul,
4648861857465453967,Lester,Martin,
5165946379744112840,John,Leon,
2747935446205832398,Karen,Debra,
7964676463330908850,Pam,Pamela,
2357040811086248952,Helen,Susan,
7583097265334065233,Kelley,Helen,
7455751779941072591,Lane,Samuel,
1285243538957888753,Dawn,Patricia,
1720868344748629989,Sandra,William,
8245817965676327074,Elizabeth,Tony,
2657935069446819486,Crystal,Daniel,
5619862017218124647,John,Angela,
7441560224562723198,Chad,Lavern,
2381025873578746829,Linda,Andrew,
5248451155344926166,Patricia,Frances,
7185008963889671866,Ronnie,Kimberly,
503831803245373761,John,William,
8134176547854354607,Erica,Michael,
5950494278448506815,Anthony,Herbert,
8182535929441195766,Victor,Fidel,
3343835690623706972,Mazie,Michele,
2112494201623497801,Santos,Timothy,
5460227082309386141,Frances,Trinity,
1209085920938982875,Clarence,Geraldine,
4330236063746113786,Clarence,Cedric,
728034871291097527,Angelique,Pauline,
5531274348064271194,Michelle,Frances,
3133235971634347281,Nieves,Sharon,
6572403076379850742,Andrew,Charles,
7468894802308763950,Anthony,James,
1366519198974605982,Madeline,James,
1399389978589444797,Tracey,Tonya,
4365742519021981500,Kristine,Carolyn,
2585976167570662743,Mario,Lynn,
1422133501833324303,Charles,Dawn,
3792949530943527721,Thomas,Deborah,
6187744273176804667,Richard,Lesley,
2555896431632784432,Steven,Hector,
580469925161547798,William,Robert,
5479276623612797831,Fred,Tracy,
2100592723927912008,Pamela,Robert,
7637324589512505971,Daniel,Ma,
531168422699303238,Patricia,Barbara,
3681402806120261314,Shirley,Gwendolyn,
6802794870025186479,Gregory,Lee,
5758508022391815352,Monica,Cynthia,
1078512292886652261,Richard,Larry,
7595043626899585079,Nathan,Barbara,
6757945839083344665,Clark,Kenneth,
266817796726898060,Kenneth,Jack,
565721202185834463,Brenda,William,
6568008871348418894,Lillian,Jessica,
5299454978625601779,Corey,Samuel,
5496828653361799598,Paula,Brenda,
3713811098724853061,Daisy,Ramona,
4359154411283947745,Cheryl,Kathryn,
503680933982111607,Teresa,Andrew,
8090887314319940946,Jack,Herbert,
3403455573482739874,Cheryl,Jeffrey,
6466283939827872136,Jerry,Rita,
834431540866283308,Elvin,Debora,
5953416962123714745,Evelyn,David,
5585143814371050630,Rose,Susan,
846447602940584643,Christopher,Rod,
2807504778652292378,Michael,Berta,
4508492498661489176,Roy,Allyson,
8122117226054562074,Franklin,Kenneth,
1414395650084540904,Eddie,Robert,
5477258122477120667,Beatrice,Donald,
2751126523436839331,Oscar,Mitchell,
2267413243427074113,David,Walter,
5634920018553544557,Cesar,Martha,
1454487962524644110,Etta,John,
3548896296485712651,Gerard,Sondra,
604820476609648368,Samuel,Joshua,
6238132342950838787,Tera,Janice,
2321118521308812030,Tom,Esperanza,
5185744373848141116,Jerry,Paul,
3670703982219286825,Sandra,Robert,
7863014543967501718,Alice,Richard,
4504056596238599823,Todd,Wayne,
1702494754596271530,Jon,Richard,
8401239465975991223,Jaime,Lisa,
7221290210068272634,Kris,Kevin,
823980137781083425,Donna,Erin,
994153195241423975,Donna,Gordon,
5466071935198778929,Valerie,David,
7431494926197073563,Scott,Karen,
4275394161396417584,David,Gloria,
7569160372611280468,Jeffery,Sandy,
601791353391478927,Charles,Elaine,
5995530950359263361,Irving,Trisha,
6732881117005068162,Deborah,Gayle,
6458580026829705613,David,Mary,
4422715074105652618,Paul,Dominick,
6093166834810642194,Crystal,George,
7056302161510844693,Freddie,Nicole,
5483595405528343654,Nicholas,Kevin,
8172749569429893653,David,Robert,
982912518559436925,Brenda,Barbara,
4335772466172314452,Hector,John,
2885280409309492350,Terry,Dorothy,
3433067453761637619,Chris,Jean,
8085981580898081214,Joseph,Susan,
7302589382084191896,Augusta,Donna,
2124812395432857735,John,Larry,
4612663722035379794,Mark,Verona,
5877771700288382086,Tina,Jeanette,
6118241134115605414,Candace,Paul,
6041991075081872833,George,Alexander,
7548290000750855327,Celia,David,
1550286960723346726,James,James,
3946180214334708672,Sherry,Thomas,
7747757165095927102,Karl,Kevin,
532698007605856096,Lisa,Donald,
3486241287796731485,Laurine,James,
7998984488873254130,William,Amelia,
4588003075047907489,Julia,Albert,
1033020249305523555,Robert,Jodi,
3182731404559487838,Valeria,Arturo,
3961536206850424791,Robert,Lauretta,
7679955633321836200,Blake,Jeffrey,
5213926217199409369,Mark,Jose,
5764241830666930811,Stephanie,Patsy,
4068383873074057126,Robert,Carl,
2233257737883053228,Joy,Joseph,
5595862961135225600,Daniel,Joe,
4360229112284276984,Laura,Philip,
6232046920734674890,Louis,Edith,
1046389338571073139,Buford,Christopher,
15334404663395371,Katie,Andrea,
8206386942822189076,Claudia,Sonia,
8121346370763764666,Scott,Patricia,
8085186703984473064,Melissa,Steven,
76497694658073505,Veronica,Sheldon,
4523471952886411218,Donna,Joseph,
3518967485060318603,Shelly,Monica,
1262636342352462458,Mary,Carlos,
5011125492391623078,Christina,Carmen,
6421621399258281206,Robert,Dorothy,
2644331095711090241,Don,Alan,
3722456042032581362,Elizabeth,Howard,
7642341043236367514,Janet,Kyle,
2192046139437074262,Theresa,Patricia,
2861758264317248117,Chloe,Tracie,
7862274786199085149,Jean,Alvera,
2490370173555354383,James,Gabriella,
4973518486431978228,Robert,Olga,
3538726791859346309,Kenneth,Wendell,
6425533524919764879,Charles,Luis,
552093310428481909,Gale,Evelyn,
7173093109599300579,Oscar,Paul,
973739325708806347,Ryan,Eric,
8383438430369917294,Hailey,Maurice,
1161259729469859763,Herbert,Roosevelt,
5107457034912233583,Shawn,Terrance,
6229362331761870926,Elva,Farrah,
6256309529443656139,Stephanie,Margery,
1207543000454094343,Joseph,Candice,
6534866628771437823,Edward,Jessica,
3977515011078537515,Rodney,Erica,
1825857257306009585,Lina,Frank,
7851745056940528791,Mary,Timothy,
6457249553424454491,Veronica,Richard,
3441009269222427219,James,Kevin,
8152570983249263183,Thelma,Patricia,
3930314242769312789,Michael,Carl,
3182202576008312653,Corey,William,
1165312775063291926,Tiffany,Minnie,
4353217754209775317,Ruth,Keith,
13828004334045188,Katheryn,Claude,
3877117267943970464,Nolan,Heather,
5213089545993338743,Diana,Wayne,
6548422050328717218,Samantha,Nancy,
4900228267214553278,Mark,Leone,
4368291329567705877,Joshua,Tina,
4838342676952502025,Gregory,Frances,
7664172240906575999,Ann,Ronald,
1515933371983132905,William,Reba,
2509142781426525913,Angel,Rosemary,
1247746191827283885,Kelly,Thomas,
1378365159180060707,Ellen,Harry,
3850750996574196353,Ryan,Naomi,
5387345001424131763,Kathleen,Heath,
6463753205337736446,Dillon,Karen,
3659178069776303819,Vernon,Steve,
1868818815432073364,Lindsey,Kristi,
4053937754545508779,Alberto,Amber,
4692253765406182072,Marsha,Clyde,
5436723604510331209,Cynthia,David,
7805686300375418739,Laura,Julie,
7530006175623337553,Jacob,Judy,
5869314671547282922,Arthur,Dianna,
3694641572766701388,Elizabeth,Iris,
2214173978107540437,Suanne,William,
5561006814937161812,Julian,Rachel,
5057431873453985976,Charlotte,Nicole,
6199623036247104078,Yolanda,Charles,
6817243293700171212,Alan,Kathy,
2265570442694319818,Ruth,Kelly,
5614482169855815436,George,Chris,
3231534258804569001,Emily,Columbus,
4660747188741569615,Hilton,Sidney,
987857991956546914,Dolly,Neil,
848358541176190213,Sherell,Donald,
7815144502207348517,Mary,Charlene,
7572882561231164378,Lori,Man,
4228976756923859052,Neil,Rose,
2788275185984853557,Todd,Stephanie,
5637776407364495399,David,Scott,
2188028974570346957,Chung,Faith,
7986096235405434317,Jonathan,Augustine,
3889696356061790287,Carolyn,Terry,
4369645369474421563,Ralph,Jeannette,
6190645483183941853,Donna,Gary,
297516435701569921,Jeffrey,Rafael,
5367664604751018495,Harvey,Jose,
261727689673806334,Kathryn,Glenn,
8029280663308122115,Elsie,Richard,
7249604200785047694,Joseph,Darren,
3333080635532246552,Jeanne,Jennifer,
4771700842868460412,Eleanor,Brian,
2580397733748706319,Cary,Carrie,
2391476849124116395,Chanelle,Patrick,
2874788663719030898,Douglas,John,
1481309231744391604,Erin,George,
2114538937909842042,Brent,Nathan,
2214847452188603063,Ralph,Tammy,
4433925020783672576,Theresa,Shannon,
3930610249229118753,Irene,Stephanie,
293582359260284367,Gregorio,Glenn,
5218607901075255448,Tyler,Daisy,
6425311694067186190,Peggy,Aurora,
263999432734652509,Jane,Carolyn,
7216757254256795715,Louis,Elizabeth,
7884636302383143819,Melvin,John,
5854978922733719092,Linda,Glen,
3874662004491187812,Kelley,Kimberley,
5046556546053268767,Kathy,Paul,
4605513802992861315,Claire,Francisco,
3748720231337218008,Connie,Deborah,
5879187861989751689,Elizabeth,James,
7496961143876650233,Lauren,Barry,
3029509605332250985,Karen,Eugene,
4425597239753489780,Effie,Curtis,
5851129493440969185,Vincenzo,Kristin,
3994768095016209614,Maria,Suzanne,
7334848938174130299,Robin,Kevin,
5406525398922583976,Mayra,Penelope,
2986490762075430069,Jan,Cecelia,
6378635081339476835,Roy,Ruth,
179453930864763692,Shirley,Dan,
2116873605500362297,Olen,Merle,
1077952410226514665,Robert,Minnie,
1566940682167854924,Frances,Pamela,
48022327981734419,Lorna,Margarita,
2971455202891318240,Lori,Anthony,
3519969536303378483,Esther,Walter,
783876313405538743,Eduardo,Kimberly,
760147889375638752,Betty,Helen,
3205177735455890273,William,Wayne,
7159768696472467867,Clare,Tara,
6044609647942548144,Nellie,Maurice,
4676981114793009222,Gregory,Cynthia,
4137268922438134537,Darrell,Leo,
6448260837738972912,Thomas,Peter,
2788911655008622321,Brandy,Harold,
4934439890135614899,Berta,Timothy,
4973962578662969064,Crystal,Mariana,
2152211938663263686,Alberta,Timothy,
5321764701325262107,Edward,James,
530521241810118963,Carol,Shawana,
5398294455725220508,Troy,Keisha,
2043295322812436895,Nancy,Margaret,
7034233772149445304,Sandra,Brenda,
2785761831357581432,Tracy,Martin,
3812701559613136177,Petra,Gracie,
3785353713083088394,Alice,Pamela,
439281812873850495,Bess,Troy,
453563311147993475,Alan,Julio,
3170664912951524257,Gregory,Alexander,
8340360670564790944,Ruth,Alfred,
2972167407913611413,Christopher,Renee,
7588264414666475958,Dana,Vicki,
8561357821542165575,Fred,John,
1899471277613778630,Eddie,Laura,
3857016625624409289,Donna,Pablo,
7601066337387655759,Kathleen,Branden,
8170880914048407592,Jamie,Ilene,
6066731273314653213,Amy,Bridget,
8331644992155606718,Warren,Ruth,
6224356226182149943,Malcolm,Linda,
8399702776438162917,Gloria,Alicia,
5158318050580494937,Theresa,Rosa,
4711023990105578232,Linda,Phyllis,
5357936313498029011,Sheila,Peter,
314742296851218259,John,Robin,
3802734073987418196,Roy,Trina,
7629083702761978563,Carl,Marion,
4541776141179414533,Carolyn,Virgie,
6251817742456564165,Edna,Lottie,
4918020792546502012,Christina,Glen,
8063693487470631612,Rachel,Marcia,
1195766557518029507,James,Elizabeth,
7393406011611007293,Dorothy,Mayme,
5980855350403131737,John,Joe,
3955536475195050836,Robert,Trey,
787344826679233036,James,Joyce,
3451530019843768176,Michael,Gary,
4800851230447910276,Diane,Michael,
7440941928686132982,Earnest,James,
2882058550208422326,Blaine,Jeremy,
7440553436792641342,Charles,Manuel,
8099014658736430200,Tommy,Ronald,
6161271582382482545,Kathleen,Roberta,
8216329023931912669,Cherish,Joseph,
411929430315688164,Harry,Jaime,
1783772927784528286,James,Nicholas,
2917685926495502074,Diane,Chad,
8466864737324207967,Barbara,Elaine,
6642401910468042609,Dorothy,Jimmie,
1419888369822321260,Juan,John,
2652857075351859000,James,Tiffany,
2017767652293712863,Jamey,Thomas,
7036189295733218915,Harrison,Jamie,
5653897663484177155,Kathleen,Iona,
4394015273329230275,Scott,Gary,
8557963252923685233,Dale,Fannie,
7275026453513257157,Betty,Evelyn,
5527823794275340547,Judith,Jeff,
236050836016015601,Jerry,Nancy,
2812916014228772329,Joseph,Harry,
4167439787432081072,Melvin,Cora,
2106096528806445561,Alexis,Paul,
3302227097637821259,Christopher,Melva,
3619922533668464089,Wanda,Donna,
4039530679920404559,Anthony,Dawn,
7940152355484195528,Joe,Martha,
7260182529766332319,Gladys,Chris,
4860455223609884002,Heidi,Brock,
7323106146799993806,Theresa,Hollis,
7541411263170283514,Lila,Gary,
2265674670980265808,Bruce,Laura,
1073707329101449043,Francis,Dorothy,
7556726079030186996,Anna,Dina,
3190952275981290939,Derek,Eunice,
1937839200677295907,Danny,Catherine,
2381289518843971516,Sheryl,David,
2419080588771481679,Gerald,Benjamin,
5599560284730871763,Peggy,Samantha,
647107091813974948,Inez,Gerald,
4182237791874092445,Amanda,Raven,
3913182186784194818,Thomas,Katherine,
7732916873828188240,Edwin,Leslie,
1806627066258294730,Gerardo,Robert,
1166737902383268032,Martha,Paul,
3108802367879109603,David,Wendy,
6594008118236710748,Patricia,Nicole,
2520046825810660975,Leticia,Alan,
5914140614385149906,Thomas,Barbara,
6832587564753128132,Everett,Kevin,
6286287225754507488,Gail,Harriet,
3212844923023207873,Judith,Michelle,
859786316601951490,Patricia,Alfonso,
8559246679394259866,Shirley,Amanda,
5038290220531491292,David,Vena,
4213629152113731182,Sam,Jim,
3789039692445672603,Adrian,Fannie,
3855530262953711825,Mark,Mamie,
2225619183270129925,John,Thelma,
5426619113946000763,Stephen,Mary,
3548261848435848165,Erma,Jose,
5244917154260120367,Robert,Ronald,
3594689034103865557,Frank,Maria,
5295065337094135110,Ricardo,Mary,
7582569609208555492,Ricky,John,
1831979511888619599,Nancy,Thurman,
3444955579922263897,Mitch,Matt,
80754781066763597,Mark,Cheryl,
5829699756202542012,Joseph,Donald,
6207865720068153803,Karen,Keith,
7467660754391690836,Maggie,Stanley,
3921702487490108256,Deborah,Elda,
6628781958779240351,Teresa,Barbara,
6065409296733722218,Arturo,Nicholas,
1694821997808879977,Herbert,Keith,
823268023210582592,Maria,Donna,
981605506625198745,Albert,Melanie,
3844308817233883447,Erika,Betty,
4648598673355072378,Tracee,Sharon,
7388634684151596280,Anna,Shawn,
1566088639404074865,Maria,Keith,
1000231133629601762,Bridgett,Mary,
2243890459685152978,Andrea,Terrence,
7467478875311095118,Bessie,Walter,
397510901264473514,Concepcion,Leone,
2250833058268655756,Sean,Pat,
2938716485251270069,Anne,Mary,
7856098383421121037,Michael,Hilda,
275487252465742609,Alfonso,Lise,
7160976059356038245,Dawn,Nadine,
3788528664136527926,Vickie,Doris,
2465269959746425856,Mark,Michael,
990099457614180100,Magdalena,Nicole,
714871767311356983,Joseph,Mary,
3726221850444457762,Maria,Craig,
2607646037139666274,Ashlee,Sandra,
8192906109583426338,Barbara,Bennett,
4711180393262584236,Douglas,Mamie,
2014371513914081095,Robert,Susanne,
2432169384666469360,Fannie,Victoria,
6897755841889674907,Timothy,Jerry,
8222630040980416041,Kelli,Charles,
5311253106752591266,Shannon,Mike,
529937830024477796,Robert,Maria,
169942256254954987,Christopher,Gerald,
1632210335606135903,Elmer,Joshua,
6030633021622337997,Charles,Thomas,
7376830496234841229,Patrice,Tony,
7497085327955139899,Francis,Benjamin,
8451769073734800191,Doris,Joseph,
2605756980347281525,Brandi,Adam,
7970620912707901538,Terry,Rebecca,
4281335891593518910,Stephanie,Elizabeth,
4927833462805379909,Elizabeth,Jerome,
8016854242663340057,Thu,Michael,
7164995424416694535,Marlene,Booker,
1485009862775670564,Eugene,Melodee,
1418995140198682621,Dawn,Otto,
30243543778225039,Lanette,Rudolph,
340955161116295124,Beatriz,Cheri,
1904174526312180487,William,Nelson,
2389664022424679943,James,Elizabeth,
7636316094001802179,Juan,Jennifer,
7030449157456427539,Frederick,Barry,
7226178357620716799,Ariel,Vincent,
591706245019174356,Mark,Stephen,
6529807831869323203,Wanda,Craig,
6581350038533887225,Gary,Sandra,
8095448965154927189,Joann,James,
6845803644781012768,John,Allie,
6344324765342445705,Josephine,Eric,
5265776239046158542,Lori,David,
4637458385915617169,Larry,Lois,
22798684756236583,Nellie,Ruth,
5750366917815900935,Judith,Gordon,
7628269513363649629,Daniel,Clay,
2891512493656825505,Abigail,Kim,
1680336157686754933,Jamila,Helen,
3863344614194770427,George,Mary,
5217086959194291742,Kenia,Kris,
5505514083159930345,Moses,Henry,
1241099799755799183,Daisy,Christine,
7175137699697347706,Terrance,Deborah,
5948042736184907741,Randall,Thelma,
6035774113435890068,Julia,Steven,
3548134639699571209,Timika,Albert,
7954403156566581291,Jacqueline,Selma,
2853254302403812872,Jessie,Christopher,
2063513005430051368,Joyce,Gregory,
6909899440361196842,Bette,John,
6218810073252135179,Mary,Jamie,
1875929386640966825,Dean,Sarah,
3436041989690678364,Karina,Catherine,
2777420111597219782,Charles,Roger,
1973983567007286855,Jerry,Kathy,
4365551432246746177,Margaret,Piedad,
7690153015630421406,Nancy,Travis,
5057371341847903513,Ingrid,Zachary,
6237951930439145084,Rose,George,
6872816084563620905,Richard,Philip,
4513306851606554725,Edgar,Christopher,
4952711655177962614,Marie,Susan,
577889239383267283,Pedro,Daniel,
7613695805912533054,Anna,Becky,
744028886202059508,Carrie,Dorothy,
4766350005963136287,James,Samantha,
2017467497864801931,Suzy,Juanita,
8007563081762075726,Dale,Robert,
8069108908398855834,Carolyn,Dorothy,
5461409263171492516,Doris,Michael,
3466207822177567923,Ronny,Scott,
2305812367874258008,Melinda,Jesus,
7384358047698507510,Antonio,Robert,
2229866210336912803,Nathaniel,Joseph,
6902795372029398198,Ronald,Kenneth,
1599698073638676221,Martha,Sonya,
3709317559108458705,James,Katherine,
6738479068757740660,Adam,Roger,
4605685167581197743,Patricia,Justin,
3219681048142319991,Timothy,Lea,
1367725637097257588,Joseph,George,
4403522810101382045,Darnell,Celina,
3244789786542720131,Brenda,Ramona,
5195134185076943105,Joseph,Thomas,
3402975862570949362,Zachary,Kevin,
3565835124356380384,James,Susan,
7839337263748831310,Paul,Phillip,
1718548891290892991,Wesley,George,
7856214436619332907,Nanette,Nikki,
7490780941652059785,Robert,Joseph,
6306104557436378293,Helen,Dorothy,
5206637616761838882,Colleen,Gretchen,
5612890366848944680,Freda,Leola,
2616726248965439387,John,Olga,
3284741188395553056,Kimberly,Sally,
1151356183742684687,Latasha,Valerie,
2827661552311793158,Herbert,Faye,
3251464718574779084,Betty,Lessie,
102357496344435069,Robert,Deborah,
6711144633913157788,Nathaniel,Nancy,
747837567787813718,Richard,Orlando,
278985366685181407,Dianne,Laverne,
1922175265086611265,John,Victor,
6862767813076590281,Holly,Chris,
5399228538994715456,Verda,Heriberto,
7039482858460499193,Teresa,John,
7083806369910876782,Michael,Jimmy,
5621572300868740109,Betty,Nancy,
3464388621140418540,Carmen,Charles,
1518531700384720760,Sylvia,Matthew,
1101996762402132588,Catherine,Odis,
8251435537622290923,John,Sarah,
4601272380685557971,Melissa,Gloria,
2124250597405014098,Donald,Charles,
1875387884284965255,Jennifer,Hazel,
2899800841419880263,James,Patricia,
6418572890919000241,Victor,Stuart,
2995968226665192269,Shannon,Dianna,
1571591284638695087,Norma,Brian,
1078632646629785521,Traci,Gladis,
7406337818042318086,Ollie,Marion,
837969309922341471,Hershel,Matthew,
3355595221400240112,Annie,Charles,
3376793238660376127,Jon,George,
8475638197313111660,Rick,Lauren,
1494039996308337514,Brenda,Craig,
2872680596255860286,Doris,Brenda,
6850856253292399970,Laura,Jeanne,
7135342029810064364,Burton,Flossie,
6601526141323408314,Susan,Dwight,
1969765648775799643,George,Ronnie,
2015254959429851069,Doris,Blanca,
6707887046699879119,Richard,Jason,
2963717765930211277,Susan,Raymond,
4398480392117598738,Nellie,Anne,
7413051643671448955,Keenan,Mary,
5698879799019573382,Edward,Lori,
6175368272943829369,Brenda,Albert,
5183056526263641104,Frederick,Ralph,
6772369028069591452,Angela,Samuel,
541648009665654360,Simon,Melvin,
4600473624367580805,Janice,Phyllis,
8192100844541837286,James,James,
3273882977083423283,Sylvia,Pinkie,
2203799116149821167,Joel,Mary,
2981893399833889732,Cary,Brian,
1427043680391063767,James,Helen,
7915512770841414228,Beverly,Randy,
7575499532617133160,Lori,Stephanie,
3211434841330447361,April,Ramon,
3942265916733111120,Lori,Louis,
8273021457256594224,Deirdre,Karen,
6941487964853150105,George,Philip,
7545996145387478627,Goldie,Margaret,
4297961234348974149,Leroy,Gerald,
6341824959870645192,Don,Ernest,
1020640158002457018,Susan,Jessica,
2697517164398367626,Mario,Dorothy,
8232652140658364347,Marcus,Deborah,
6945497091746056960,Loretta,Susan,
161789422238333694,Bette,Craig,
4570616578050016286,John,Jeffrey,
4637314354077182776,Darrell,Marcus,
3708135386667880348,Charles,Kennith,
332251614160084175,Jeff,Mary,
2325631611725405954,Erik,Frederick,
1182740156882184073,Duane,Lorretta,
4115856098406474530,Theresa,Lucia,
1646172794496191810,Leo,Paul,
4917542295284920134,Leanne,Tom,
1100511673517544882,Marina,Ernest,
2069321571852032335,Joseph,Jorge,
205344635053454846,Nancy,Richelle,
1143403440010708735,Darrell,Natalie,
5072744468242844577,John,Mildred,
6939891972120024226,Michael,Alexis,
3267545479795279270,June,Elizabeth,
6275444365685353143,Earl,Helen,
6212214167416068252,Harriet,Shannon,
5156032499109375261,Michelle,Lucy,
5732761746702590856,Beverly,Angela,
4937237581345861146,Elsie,Lillian,
620867723978379793,Erma,Mary,
294051210025980952,Karen,Douglas,
6557172838666495773,Heath,Sara,
6299339202663531197,Robyn,Elizabeth,
8244511553075512880,Samuel,Sheryl,
4845396500726143180,Carrie,Richard,
4664258342048781343,Rebecca,Christopher,
5764268285002708009,Sterling,Lindsey,
3178106618979433659,Dorothy,Charlie,
1630793985487604322,Jesse,Irene,
3200662936964556334,Ruth,Martha,
2994521055304917232,Virginia,Jessica,
5465610881581549352,Timothy,Jayne,
5933539857552724059,Marie,Clay,
5287065038270153744,Pedro,Nancy,
4936319760864578202,Kimberly,Juliet,
4992636620356394064,Federico,Toni,
6489073479281177506,Michael,Bridget,
792758891508590420,Barbara,Jane,
8018057929174822102,Karen,Timothy,
4957405592905158666,Beth,Linda,
607136788417525721,Tammie,Jo,
6308029881029626352,Betty,Cory,
2374421031486399048,Ernest,Pearl,
709908991071953571,Carolyn,Isaac,
5138020465672296692,Martha,Jeffrey,
2478679050149134387,Karen,Shannon,
6065448038677039263,Robert,Kenneth,
2484894038223862262,Linda,Jesus,
3179976667102249623,Alfred,Dorothy,
2179754370966500399,Brad,Guadalupe,
6718613615078990519,Siu,Stephanie,
7300230774610985943,Marie,Ronald,
3468736128096579793,Julian,Randee,
6990081387642872093,Lucille,Charles,
3935119383245228915,Charles,Andrea,
1079702044179711794,William,Keith,
243673638370281614,Cornelius,Mozelle,
8526085098366069794,James,Melissa,
3977227676939922082,Anthony,Eddie,
6274470197507333345,Mary,Suzanne,
4103420241600633233,Kathryn,James,
513882781929753464,Nathan,Laura,
8282341618460159449,Cora,Scott,
6997964815947711430,Nan,Josefa,
3593919996396230523,Donald,Helen,
7098041037188483419,John,Barbara,
2650242437813431645,Edward,Geraldine,
1644222774350604745,Brooke,Maria,
3031717407455424043,Jack,Cathy,
7140367320403101865,Audrey,Alan,
8190486834879835763,Richard,Robert,
384560756054921713,Yvette,Garry,
5179864613015857927,Dena,Lester,
4915688532824332854,Christine,James,
857324846940681467,Alfredo,Linda,
6994422875149718634,Yvette,Gilbert,
8532624051675337328,Jay,Elizabeth,
2258671918295720454,Margaret,Amy,
5800122262078172230,Mary,Terry,
8365438634098219857,Mario,Maria,
6244782314553265977,Patrick,Matthew,
3505677266126523438,Betty,Dorthy,
4753239832942587456,Tracy,Emma,
3868541240671707793,Gregory,Lois,
904474378645998739,Cynthia,Lisa,
2783918239953057793,Amanda,Tara,
696553335942708392,Leda,Shirley,
6258345681737998863,Craig,Arthur,
7342515497030615853,Bonnie,Noble,
4396032626663141073,Lee,Patrick,
3494071815841991144,Rose,Ruthanne,
7701297226973840894,Wallace,Marilyn,
1343323698586892650,Bruce,Antonio,
8436283565635046621,Monica,James,
586796356185055825,Evelyn,Alan,
7400882657361628493,Randy,Sally,
4330035283718363747,Dawn,Eric,
1465939235978578005,Jerry,Rachelle,
1452603172874578724,Travis,Eva,
780749993962323155,Thomas,Paul,
856144954815711852,Gertrude,Lucy,
8300292715124237987,Yvette,Christopher,
1801039062387119883,Genevieve,Beth,
7153034070787886956,Irene,William,
2147899043412823127,Angelo,Jacob,
8025418561184589190,Jamie,Margaret,
5520810165634756889,Elizabeth,Idella,
4934428523154867033,Helen,James,
5539765143258202529,Mark,Michael,
6327204348803566732,Douglas,Mike,
6279929275503542074,Shiela,Cecile,
3419682963021243966,Robin,Kenneth,
3609781636346755616,Melissa,Jennifer,
3744042607803631520,Angel,Thomas,
2623525609478874577,Claire,Paula,
4891238701762034467,Sheila,Hattie,
426985327600850153,Felicia,Tessa,
4512658382235332190,Daniel,Anthony,
7036227315197682718,Kurt,Leonard,
7677415586117857186,Dorothy,Ruth,
4218694228299318722,Elaine,Peter,
2363190716820250931,Victoria,Linda,
3673978804740367487,Jessica,Robert,
8190397500455551369,Tracey,Robert,
1657393751077768656,Gail,Fred,
3197364744615279427,Tom,Donna,
7229859704873949751,Dennis,Philip,
2507713393437828022,Antonio,James,
927038246216514760,Christopher,Rita,
2653771536079499878,Lawrence,Curtis,
854805337331246816,Donald,Flor,
5608530837805419131,James,Joslyn,
7459641873084226923,Christopher,Linda,
7589950029715398763,Mary,Thomas,
2607965779209156059,Marsha,Sandra,
7128867984874062027,Janna,Rebecca,
7309619856335110669,Tania,Aaron,
6744707937789909605,Michael,Norman,
4417636729176107364,Diana,Hellen,
3539059830422858447,Anthony,Marla,
5840314444176953166,James,Edith,
5413590069996153221,Lisa,George,
506657372587896511,Stefanie,Loren,
40503543876569031,Theresa,Brenda,
2471653918915939945,Robert,Amy,
8288028165690623813,Barbra,Arthur,
2796017469412166246,Flora,Charles,
1894161565520176219,Madelyn,Theresa,
2513050416318759535,Brittany,Michael,
1047646398186923090,Barbara,Willie,
2659352007334365888,Sharon,Shawn,
7685156913885907135,Steven,Florence,
3327745451692569936,Frances,Steven,
505018574181185169,Jean,David,
534912270644637725,Nellie,James,
1575176459200685201,Julia,Pedro,
1985484476433028051,James,Cathy,
1288756986014172525,Allen,Matthew,
6726992952883748390,Lewis,Candance,
7896132940000987960,Beau,Mavis,
4175235841425451841,Tina,James,
5672776697336629870,Donald,Steven,
3018588240171750486,Vincent,Ruth,
8093036077879505047,Dorothy,Donald,
2289091782122712132,Rolando,Nicholas,
35586268508617140,Ann,Timothy,
2666706725749576952,Donald,Irene,
4274627791382984658,Todd,David,
6185354404870876715,Chris,Kenneth,
3869986271575892013,Justin,Paulette,
4390637202419826452,James,Eleanor,
7384374270802921865,Mark,Jennifer,
4694028020144917533,Steven,Erin,
38117087283587882,Robert,Geraldine,
3889217023596380467,Elisa,Cindy,
555231694341397624,Teresa,Barbar,
5983395380892725367,Robert,Gertrude,
8550001428822702201,David,Theresa,
1174151555088814797,Robert,Yvette,
925861501475184134,Donna,Jodi,
3163767489566081341,Sharon,Richard,
8020140393107619709,Danny,Vicky,
2589984783159332149,Rebekah,Gregory,
2767166382724148694,Olga,Carmen,
4132261468252461286,Frank,Robin,
6145093369128405566,Fred,Lisa,
4280395446119601771,Trisha,Scott,
2406283763734641925,Paul,Kenneth,
3768110845443507814,Juan,Eduardo,
7888527614419964087,Margaret,Queen,
8381720454831781059,Tory,Corinne,
7953434494733564442,Katherine,Latanya,
6057592052164431056,Marilyn,Charles,
1047141771403105108,James,Inell,
7207768233580981741,Kimberly,Gary,
8350174479761303980,Kaley,Stella,
7920913340378286413,Christopher,Rodolfo,
514011419294865949,Nathan,Jeffrey,
7022526903729302379,Gerald,Stella,
7815625102708758670,Linda,Cheryl,
1794747724720042429,Maxine,Nada,
78269203732744206,William,Nicole,
2497305588414934923,Ralph,Michelle,
8372511018920142467,Steve,Octavio,
7132387276634002351,Terry,Sarah,
5462297667372328750,Carl,Lauren,
7190305725869528802,Bonnie,Jose,
5590070905592490580,Christopher,Christopher,
2766745446448992425,Sylvia,Gordon,
230319851736399730,James,Clara,
648130425420249775,Lourdes,Eugenia,
6617027721345448140,John,Harold,
6570925031492654642,David,John,
6831699888966351749,Brittney,Terry,
8244394148291265417,Kevin,Mike,
2112313516644758560,Kimberly,Franklin,
5022169819273897560,Joseph,Timothy,
2901402532323306580,Lydia,Evelyn,
1902015164328633759,Curtis,Dorothy,
7832979594411071205,Aaron,Margaret,
6139154027154685695,Joshua,Carol,
7304630056565319122,Lisa,Antoinette,
7096697351576336644,Earl,Randolph,
8405390626528753917,Frederick,Lyn,
4553590269030012375,Hattie,Brooke,
6057754639630026485,Lia,Delia,
302692861655857014,Howard,Darnell,
3296895595045261144,Sonya,Brenda,
6277148076274757929,Stewart,Jesse,
710296864570831602,Emanuel,Nathan,
4706571950018604935,Ronald,David,
3634422084943729391,Lillian,John,
7111517278164747817,Pedro,Gary,
4519718944932385997,Jack,Vincent,
3126613171278919341,Mary,Bessie,
4659649408811185383,Larry,Jonathan,
3831281437359686988,Mary,Raymond,
102599273260386625,Jean,Annie,
3057593161022652394,Leona,Christopher,
6991104857091279273,Lisa,Courtney,
5494004430722267380,James,Cynthia,
2164496298488694214,Bryan,David,
3243057631913131750,Arthur,Donn,
1152174995043442073,Daniel,John,
2091071579154425064,Frank,Melvin,
1110471074867060807,Brandy,Betty,
3694968921966372287,William,William,
5348384164656308036,Linda,Olga,
2503749516703033624,Madie,Andrew,
5372879047374795048,Kathleen,Margaret,
7404710878486743636,Lynn,Jerome,
6132938927892928335,George,Robert,
5534936387305980954,Francis,Spring,
4550503453414831259,Elmer,William,
2305885015997985557,Jeffery,Grace,
4749646648078911907,Charles,Mary,
6004214812779849836,Drucilla,Maria,
5559949961555115689,Alan,Patricia,
5309013972273748057,Albert,Michael,
1287598121601103304,Lillie,Donna,
2784303086038032047,Ann,Kim,
4050695438696871007,Dion,Barbara,
6599826544373592344,Michael,Howard,
3728814751858797516,David,Gregory,
5129240168613119598,Michael,Ellen,
6109152554942610492,Annette,Joel,
6445863761796157691,Jose,Alexander,
8456965450151429891,Andrea,June,
2868894228369037224,Cameron,Connie,
4133486108051622004,Alice,William,
6154083451281403867,Eva,Julie,
7888882921727551332,Sandra,Jannie,
6966254229015938856,Mary,Mary,
4904740642289528035,Vera,Hilda,
7097659343454157664,Ethel,Tamara,
5001702056188807775,Ilse,Alan,
2004547945295636369,Melanie,Theresa,
4498645258217889600,William,Paula,
2416703464901678874,Marla,Jim,
1193179022322810306,Roger,John,
6123822622106846963,Mark,Virginia,
4337833557221396403,Arturo,Albert,
7288940758836858813,Cynthia,Cary,
5166381276466899675,Ira,Harold,
3789498820332635073,Roger,Ron,
7822708916516995351,Leslie,Walter,
5877068473742629955,Timothy,Jessie,
1954632211405570345,Bessie,Jeremiah,
1220160260572264744,Kimberly,James,
6088942620797673077,Sandra,Louis,
3958044718231327078,Claudia,Connie,
7355932210721415717,Robert,Penny,
7121991714516505714,Chong,Nancy,
1874374173493243824,Brenda,Lois,
296475441240620739,Thad,Rosemary,
7576182309791314569,John,James,
294911008907410370,Iona,Lynne,
744865262050312281,Michael,Rachel,
5831197680268441355,Amelia,Gaye,
8062671662166932760,Richard,Gloria,
5893621791314712598,Ryan,Vera,
5238831761468831521,Gabriela,Hyman,
1188587940646183453,Terry,Andre,
423824123391850782,Alberta,Annie,
3071229775740381252,Curtis,Tom,
7517746165598751170,Melissa,Tonya,
1900265860236769101,Doris,James,
5700784707702571529,Freda,Evelyn,
1514618880314531688,Joe,Chantel,
5341024048082682634,Sheldon,Darin,
1183718938817877221,Joel,Lucille,
3168639840517162721,Roger,Michael,
4530828162555953426,Edna,Phillip,
2632459082653391225,Deborah,Charlotte,
5411551268784427064,Margaret,Charles,
7727822172799203029,Alfred,Eugene,
7753763766416473023,Marie,Deborah,
7148801753507620657,Colette,Robert,
4883581385896645699,Harold,Curtis,
4159750917697734277,Timothy,Julia,
4586569578302312241,Gregory,Lisa,
439243405800496599,Dorothy,David,
6368490890069562371,Crystal,Melanie,
60441899459037636,Susan,Sam,
1546979045764787832,Joan,Joseph,
5247189070191050089,Muriel,Donald,
7167139542021586426,Annie,Michelle,
1741825191107086084,Jackie,Rita,
3738383595543961285,Mary,Armando,
3212761681962421815,Lorenzo,Mary,
4344829382486207123,Joshua,James,
3184189574493962535,Dave,George,
6456741044000972219,Anne,Raymond,
7223783584359314194,Bruce,Gina,
5707978256854190384,Melvin,Michele,
4802231787568892783,Carolyn,Mathew,
5825635772971192686,Glenda,Julieta,
4877443262035805390,Josue,Rita,
412856514014179351,James,Rita,
2267399472742173333,Michael,Gary,
3604929603289559103,Shane,Muoi,
8520895925845959479,Merle,Jesus,
7645293577277179223,Tony,Nelson,
6659399184004031640,Laurel,Roger,
4865194100927902807,Malcolm,Laurie,
8367911702227853046,Robert,Belinda,
7001477491687226331,Kathleen,Betty,
4102830467538608550,Napoleon,John,
2047455335200631290,Joan,Mary,
3505916178911109105,Billy,Jennifer,
3352923700659739997,Jose,Jacqueline,
4681207312786817774,Cynthia,Elfriede,
4615520651791530314,Kenneth,Jonathan,
5853776817069275623,Julia,Melanie,
5025188042050541890,Calvin,Alice,
5484989865945299540,James,Howard,
5625093149789865347,Vera,Leonard,
1374189924527741871,Dustin,Lydia,
2805604916737560633,Marjory,Anthony,
4604322606069989463,Esther,Sharon,
976214845920025143,Thomas,Edward,
6084966745479111689,Ronnie,Charles,
1171260793960857050,Darrell,Colleen,
8560507793511339637,Robert,Lisa,
3326284120935929402,Clara,Catrina,
1776040502673249782,Wayne,Rachel,
1906358947733900780,Stephen,Patrick,
1660579150751730644,Bill,Adam,
8549136238128197805,Ralph,Vera,
2965735613394915682,Morris,Geraldine,
4734115448478913126,Kelly,Darlene,
3681116184481977628,Matthew,Sharon,
4325127092751030996,Michael,Susan,
2602596299946728261,Colleen,Judy,
5245276091832176225,Christopher,Lupe,
8055434935404231016,Carolyn,Johana,
1494116638422360012,Andrea,Annette,
1733094882483417338,Christine,James,
5773876198853978180,Dennis,Amy,
4962982766049672345,Gregory,Penelope,
4561762713672320442,John,John,
5549031283852303009,Maria,Willie,
2986784677444088897,Donna,Marine,
3762180768029014793,Patrick,Fredrick,
1953768612058950702,Cruz,Anne,
1098174912428618004,Michael,Marsha,
158213873654947259,Louella,Romeo,
7282958927489028426,James,Ryan,
3649127720199690472,Harriet,John,
8422613132592372554,Lorene,Carter,
1534945917109343726,Krysta,Lawrence,
4839041164070034412,Irene,Patricia,
4960226403830437310,Jack,Florence,
4874494963858006845,Patricia,Kenneth,
1446976362729236325,Stacy,Yvonne,
1769271571479032694,Holly,Grace,
7703904767243406782,Margaret,Edward,
2960857521251876190,Peter,Amber,
5195423638172114004,Eleanor,Nancy,
8157127784085322007,Meredith,Robyn,
6549250126959007433,Karen,Eileen,
3973120286244678206,William,David,
4316993177910520979,Shirley,Patricia,
803921313461595918,Bernard,Karen,
7846598361458388635,Nicole,David,
7632164170927105031,Jerry,Vincent,
3191719247140986505,Rogelio,Patrick,
5554279193360692587,Gloria,Cindy,
5706610685587185809,Justin,Sean,
3205172499319605178,Madelaine,Harold,
3157815221453857984,George,Eric,
3447151273776373442,Sheryl,Mildred,
7533613685754613106,Eloise,Richard,
6682729765524560954,Beth,Joseph,
6468867646629332580,Charlene,Laura,
2175186283140309199,Richard,Shari,
3064285039787183563,Anna,Carol,
1120987737129402330,Glenda,John,
951678424536482174,Shelley,Pedro,
4403923732082072978,Anne,Tina,
4487831137158643692,Drew,Matthew,
3219052016930217458,Allena,Arlene,
7382779677579547948,Holly,Milton,
159039457908130404,Ronald,Albert,
3139567683555413429,Candace,Leslie,
2380619029557211961,Thomas,John,
864818820155544994,Perry,Chad,
4644862782050967692,Angela,Martha,
3438024147835915260,Melia,Suzanne,
5859975977021238548,Ismael,Patricia,
1741789847160874190,Jack,Helen,
7108989826152097041,Anthony,Kim,
1246636138387222587,Brandi,Jesse,
537004997502663501,Roger,Paulette,
6008062369510188460,Milton,Sandra,
2732112308219470318,Linda,Shelly,
4965124739304451535,Lee,Violet,
4542613114847006078,Robin,Sean,
2559068005791420287,Calvin,William,
731108747441093995,Robert,Sarah,
5366130362537850009,Paige,Ruth,
8424020690740818027,Carrie,Kevin,
8486630402232626035,Nancy,Sylvie,
2395753159456595703,Charles,Margaret,
1335061981671101152,James,Jewell,
4776423975326971682,Bryce,Stephen,
5345612513201743993,Mark,Gladys,
2092660707897625225,Christopher,Wilma,
5825069135124382890,Elizabeth,Kelli,
3647253053103568864,Micheal,Patricia,
1433047472594498402,Stacy,Cecelia,
2498798256848881031,Jennie,Ruth,
6481635454602649985,Donald,Judith,
6289538092344546197,Preston,Stacey,
6666077997887425574,Florence,Audrey,
7176883289464044658,Dusty,Carol,
1533724282965988619,Mable,Timothy,
6843773631572516132,Mary,Timothy,
708243783295676046,Barbara,Elnora,
2966502110834218662,Mary,Ismael,
8018548971061205031,Dorothy,Blanca,
7088926174490104175,Barbara,Eric,
3205321743671180035,Dean,Diane,
6936585330304368388,Kenneth,Peter,
1887293700320164013,Charles,Rod,
5892530477974366124,Sylvia,Jesse,
135211984533555339,Richard,Hannah,
1256800886044440127,Narcisa,Frank,
4738797799831696950,Wilma,April,
1026192387364867792,Erika,Joseph,
5585014794693888628,Robert,Frank,
3702489314232249222,Rivka,Walter,
3642189435182481285,Sang,Morris,
840308600272448877,Chad,Cynthia,
2400111612959752157,Alissa,George,
2292676112634644691,Donald,David,
1879483750009828470,Clarence,Franklin,
8297293667853224746,Shirley,Anita,
6068470217268416945,Phyllis,Bridget,
1426046127575557878,Dorinda,Fannie,
7167917185486661268,Denis,Deborah,
2334173701130678830,Sherri,Jennifer,
445958848344610119,Gary,Natalie,
6215691230494681376,Marisa,John,
5225348380951787918,Stanley,David,
435373745026071135,Robin,Sandra,
3891253611613193738,Angela,Miguel,
3001499681629439711,Karen,James,
2839376041573698490,Jason,Walter,
8258197014514153583,Gabriel,Esta,
897691852433957854,Lee,Raymond,
4366166846963356003,Nancy,Ron,
1526144754848068196,Jacqueline,Salvador,
4596183141926365884,Barbara,Mary,
5700836279201168818,Richard,Walter,
8416149836979588652,Louise,Scott,
5839175489117330142,Robert,Kevin,
3569374447037611713,Caroyln,Rosamaria,
7883109309232944824,Arlena,Betty,
8542474388640637633,Phillip,Jill,
7896807784679969719,Julia,Robert,
723763111154831671,Linda,Jeanette,
6341263865991101188,Scott,Mark,
52549932029889142,Stanley,Sharon,
5445059558467353407,Joseph,Michael,
2058864357407222181,Elsie,Debra,
7705479993036024322,Glen,Thelma,
1464291934115258820,Michael,Sherry,
1893744534643630744,Frederick,James,
894203654455340314,Richard,Louis,
6477616632587705,Matthew,James,
8091392132375617649,Marie,Ryan,
3725292254924555356,Ted,Daniel,
7650066016250232317,Jack,Cheryl,
8538632898565000294,Francis,Elisabeth,
5172642688296964757,Jan,Juanita,
8014269925421060396,Andrew,Domenic,
6474281274008240508,Stephanie,Howard,
433156044290971127,Julianne,Richard,
1956335413338422303,Kimberly,Roger,
863014677112094090,Joseph,Dale,
6202613177912155770,William,Hien,
4519204335309989394,Anne,Cesar,
6302967833924923865,Joseph,Sylvia,
4051361901095099165,Chad,Julian,
3074834985399471793,Carl,Clifford,
4921043005983458835,Jeff,Brian,
8557712146123368778,Bill,Howard,
836785853949582399,Katrina,Shannon,
6927919808422642569,Deandre,Angel,
6349865224253633835,Sylvia,Patricia,
491290736001900840,Jessie,James,
7602920806973495406,Jamie,Cathy,
104612398093397239,Brook,Stephen,
7478844612355173000,Courtney,Mary,
3716119680931820401,Andrea,Donald,
2811051648845471271,David,Kevin,
4371139582224027969,Christopher,Christopher,
6900601476692134341,Joey,Antonio,
3606097994861344084,Jimmy,Dorothy,
369503787035673258,David,Donna,
393080294825653581,Shannon,Robert,
6991439800930442947,Philip,Mark,
5415076741543061133,Kathrine,Darlene,
1625868306979560007,Matthew,Charles,
1303181092805195864,Tony,Mary,
8235255609580397957,Richard,Lyle,
4343743760470167510,Harold,Clara,
272675909567041831,Ana,Blanche,
4893009850442286578,Ilene,Debra,
886448492617513863,Cathy,Terri,
5127371662856894587,Christine,Nicole,
8224179671719753867,Carmelita,Mary,
6794220999410303370,Kathryn,Douglas,
1521729259342318863,Anne,Terry,
1551401240581524362,Sonja,Erika,
6939344530342397868,Dennis,Dee,
1478656756327284295,Marie,Loretta,
6220268800757785538,Sheila,Ula,
5147748679588066814,Carol,Joanna,
6953395539989320494,Lottie,Betty,
7357613111937856078,Karl,Jennifer,
1622532402567570017,Vada,Barbara,
3776091053383787613,Antony,Veronica,
4745526893843320532,Curtis,Charles,
508268321799521263,William,Enrique,
6421625733439202005,Rita,Betty,
4739225797048370348,Jack,Celia,
8002667462652468730,William,Ernest,
6216518686126704225,Craig,Lowell,
7121234832097325836,Brianna,Virgil,
4613624205960102553,Estella,Amber,
2879045072468280780,Thomas,Rebecca,
4492612111966719223,Terri,George,
697379285975336415,Madelyn,Linda,
162330569616318170,Franklin,Jason,
4339084869065036408,Jessica,Kathleen,
3638923977825784003,Pat,Joyce,
5177267039238322158,Mary,Robert,
372155281898312876,Florentino,Dorothy,
8487787037763753377,Richard,Maria,
4547285325635280862,Mary,Joshua,
3532947973515732257,Lula,Ryan,
3962860911840104204,Ollie,Araceli,
1043757856750899530,Timothy,Mary,
1337017964101074014,George,Carol,
4182396614830391951,Daniel,Sean,
3152770596005991532,Albert,Walter,
3402981410084790814,Virgil,Therese,
7866548918984873700,Michael,Tina,
4769189800803787823,Nellie,Ruth,
2708513460593874188,Eva,Cheryl,
7355975952744893116,Alison,Mary,
6956378055754027803,Dennis,Victoria,
6554175060167951759,Dorothy,Alan,
2878961527404567522,Erich,Donald,
1815130927811072382,Lindsey,Sandra,
1585971569175775743,Jerry,Ronald,
2804242166888984343,Karen,Andrew,
1531970531480648573,Carl,Evelyn,
4855460976186268159,Brenda,Marion,
6387252452059902415,Cheri,Judy,
107047117094594773,Robert,Susan,
5142138579967656334,Robert,Brandon,
854895831940348860,Steve,Alana,
8313658734795286390,Nicholas,Glenn,
4537501076404832533,Cherie,John,
1178150047698500165,Robert,Leroy,
4303539134106223231,Charles,Robert,
8474578842169375312,John,James,
4558380654616878930,Amanda,Claude,
2962977855410390230,Caroline,Jennifer,
8003786577562111608,Antoinette,Phyllis,
4641431807653286107,Monica,Ernesto,
7582676116586991537,Alice,Gregg,
1819417655102638564,Jessica,Valerie,
565769641981903025,Omar,Anna,
4839221509600272081,Elizabeth,Ray,
557256967102887324,Esther,Michael,
6704420762837995858,Harry,Ira,
1383392776889603371,Hans,Kenneth,
4135685669003696672,Paul,Brenda,
5067742417957192463,Jimmy,Nicole,
1400497062859493623,Thomas,Isabelle,
1970410927395488753,Ronald,James,
1304023115194970482,Keith,Silvia,
1847419108902381187,Bonnie,Guadalupe,
5185061866640892409,Robert,Nichole,
3225536689336211497,Natasha,Diane,
7758084094046227827,Traci,Andrea,
4528311493586134473,Janice,Rudolph,
7376989225173205863,Tom,Thomas,
7872460030660619210,Travis,Christopher,
6547911543338905137,Robert,Phyllis,
7029006005764112040,Trina,Lilly,
2731049365313192460,Andre,Anna,
1293908127251630576,Donna,Helen,
6988204299999049526,David,John,
871732693434076906,Nathan,Joshua,
4117461322957424978,Kim,Ellen,
6736669844553542428,Alice,Michael,
7512975333126780007,Thomas,Charlotte,
13344676635746869,Keith,Joshua,
7209912598250537814,Renea,Cesar,
1791330236074317290,Jack,Tiffany,
583375731676803336,Gloria,Patricia,
4058814108019914532,James,Frank,
5252666781753306091,Joseph,Devin,
7238441166458366468,Felix,Edna,
4194977929166857665,Emily,Paula,
8302524786552584519,Sharon,Mike,
2741440502559650340,Belinda,Blanca,
5410902378190091140,Theresa,Elizabeth,
5646126195307240302,Mary,Everett,
6150074376079564820,Kathy,Sharon,
6687821816091643044,Edgar,Carolyn,
6203700062148555170,Cynthia,Julie,
4204400466027586710,Tara,Tammy,
8188838023578511140,Craig,Alison,
7007718825343156728,Violet,Samuel,
6512791435561895567,Gregory,Joshua,
2618686609709908392,Adrienne,Bethel,
602187845471389671,Clayton,Teresita,
3915889160873140998,Tammy,Sara,
5639087371911648786,Joseph,Ida,
2489415645117960646,Jason,Jacinta,
4775423815522817756,Ethel,Lee,
5993614763859183294,Stanley,Gregory,
186474753960074134,Tim,Kristen,
7189587549986818732,Theresa,Lillian,
6028843367022546621,George,Regina,
4584881425092084780,Dean,Carl,
5583983671561947720,Domingo,Gary,
4336175362496102516,Robert,Ann,
4102733088707649689,Gloria,Francis,
7788714305327976662,Carl,Naomi,
7456592533477481876,William,Scott,
1685344487553980605,Jim,Steven,
823693216448134132,Roy,Latonya,
1717724250292945088,Elmer,Eric,
8032634991209908165,Aaron,Lisa,
4890959722713053682,Sylvia,Lisa,
5378636123234971961,Grover,Rose,
7981485767266675667,Phillip,Joanna,
1656753863978319397,Clara,Darlene,
3463233120654236937,Jordan,Christa,
8316751507107400691,Sean,Tanner,
1291097591621668060,Helene,Sophie,
3958474642177162775,Mary,Jean,
6272369391012465746,Deanna,Jose,
2152774887207947323,Iva,Richard,
4229299328143742717,Robert,John,
6694848618558962951,Edith,Toby,
2681141183697586757,Gerald,James,
5837083753627943110,Edith,Christine,
4881299023851377091,Bennie,Caitlin,
4556199670466479781,Christina,Jaclyn,
6586704684633860808,Lorelei,Ruby,
1437785770935341881,Tonya,Jaime,
84893032973512562,Derrick,Amanda,
3957799079634878577,William,Gary,
5711055419050313436,Russell,Danny,
7168108744861566740,Destiny,Veronica,
8441625788818699783,Nathan,Linda,
1334933963356054509,Kathryn,Anjelica,
99824200330762072,Bessie,William,
897042769192216028,Chad,Johnathan,
7061501480668985338,Dustin,Franklin,
6344324476856851802,Steven,Michael,
7149487287896160177,Anthony,Jessie,
5100836094543458848,Ernest,Janet,
7224024792583174047,Peggy,Margaret,
5421469931376144738,Jessica,Jan,
7753798583742111500,Nelda,Ila,
2722777790600880023,David,Paul,
1502394712493280399,Helen,Susan,
7091910230858037350,Charlotte,Ernestina,
4969599556857208159,Manda,Pablo,
2158797376864376447,Pamela,Tammy,
6093407136635517307,Kevin,Helen,
6476666728830055736,Paul,Michael,
4906336409753196021,Sharon,Bruce,
1119687719945030235,Emma,Paul,
7141502684273167990,Margot,Bryan,
3898736287105784550,Linda,Aaron,
2444038045919612438,Matthew,Jennifer,
4930943222098206474,Marco,Brenda,
6537010078581048592,August,Frances,
5969804091470409346,Susan,William,
6656008614413931003,Holly,Elaine,
5393583357812863125,David,Carol,
6977139452285489012,Agnes,Elizabeth,
5976091517571939997,Bonnie,Adrian,
5905103286389690489,Earl,Lenora,
7034255191047548334,Rita,Eva,
4935879842430001807,Alexandra,Suzanne,
6441704762036569101,Connie,Robert,
7613804642832927364,Julia,Raymond,
6562594647069814842,Darla,Thomas,
3563086835264241047,Louise,Susan,
1702081515128118240,Maria,Elton,
1062465919462871179,Ronnie,Dora,
6942705531890928445,Margaret,Scott,
7507500409033282044,Grant,Melinda,
6177140200149611600,Ralph,Robert,
4867685870889034480,David,William,
4366800595141111656,Rebecca,Antonio,
2890262728394615757,Jamie,Edwin,
7947346043516034969,Daniel,Kenneth,
638178065948560928,Judith,Eugene,
3640777903191418562,Kathleen,Sean,
2302664541506539498,Amy,James,
6329562098409928058,Jorge,Michael,
8354714515142422440,Richard,Wayne,
6727406677268308973,Jennifer,Daniel,
4592401070916879966,Brian,Travis,
3024180442381212615,David,Casey,
8073546800010796954,Jim,Rebecca,
7459068123294175848,Timothy,Daniel,
1168090636342389457,Jude,Sandi,
8008227756237049463,David,Maura,
7060047451691077340,John,Lisa,
7868876992811802112,Stanley,Ruben,
1835113502400780280,Samantha,Troy,
1730276976768566434,Charles,Bradford,
3624492360687604537,Linwood,Keith,
1903454010385901164,Mitchell,Earl,
5722091882042793823,Christie,Darlene,
850312145652548635,Felicia,Lorene,
466049403664999586,Cassandra,Earl,
3074780535536008637,Deborah,Dan,
1036012879658217011,Claudia,Lowell,
1418456026092622146,Gilberto,Olive,
5785059877420771149,Louis,Michell,
4672605461736283591,Son,Jose,
5234972123225207567,Marcelina,Raymond,
6936813198629710225,Jesse,Sara,
7492848208821254504,John,Katelyn,
5723032544309003263,Cathy,Emmanuel,
6945352599805703368,Robert,Crystal,
2895544098334384112,Salvador,Frank,
3505795590575228300,Jerry,James,
5909357579477967532,Thelma,Lester,
3392041651004089105,Ellen,Lowell,
2254891106681283028,Geraldine,Sharon,
7756910521101889629,Heather,Amy,
4682689478949800892,Brandi,Kimberly,
7682020427163169764,John,Michael,
2405877361793831651,Carrie,Lael,
5341206690541395156,Ryan,Leora,
167871725308693765,Gail,Lance,
5131727506812678211,Cristine,Pam,
2877787736928470388,Richie,Jamie,
416426932792108799,Travis,Denise,
4933153837434892733,Philip,Emery,
7919325222463485911,Linda,Katherine,
5591452400111531445,Christopher,Steven,
7951151673083371945,Adam,Cynthia,
4017344500311108659,Kimberly,Jean,
4690112695061433957,Amy,Kerry,
8122609217244402196,Tommy,Diane,
3350461614656662636,Scott,Curtis,
6511993731105112977,Karen,Racquel,
6970122519402178023,Joseph,David,
8102998702409309612,Jack,Patricia,
5462911512541234081,Randi,Hazel,
3796116436360658555,Tamara,Raymond,
4112904675810370222,Charles,Francisco,
4294938603020296704,Annabelle,Josefina,
3694664045995776802,Mohammad,Sara,
2097970275914127068,Donald,Francis,
2880302872025385888,Robert,John,
345078180591035682,Mario,Erica,
7566099084131909991,Kristina,Wanda,
2061355528125410948,Gerardo,Guadalupe,
2157062533762746650,John,Fred,
7294456400696815579,Joyce,Barbara,
2291684881043496079,Rod,Mary,
152121395583315659,Virginia,Eleanor,
1970077026229864707,Jessica,Paul,
4300341558244748345,Gloria,Houston,
6067179498489622639,Foster,Damon,
1543497814213078771,Esther,Elsie,
3107004629621390286,Curtis,Lessie,
7352655945015387582,Crystal,Heather,
6697309382752230308,Michael,Edward,
3673701166410520814,Allison,Robert,
767588846815118132,William,Marion,
4067687389685867607,Michael,Vincent,
691168086225137492,Michael,Thomas,
3778596168304082954,Vicki,Marc,
1300046873834354186,Myrtle,Edward,
3742216650410452678,Mary,Federico,
6739858205795718501,Betty,Angela,
1805710236017560637,Raymond,Lynette,
3084502423359332767,Michael,Glenna,
6686144139155190195,Lesa,Kimberly,
2943748455147797843,James,Mabel,
8504832687438746748,Lynn,Toya,
5456347371978067625,Joseph,Dona,
4379982934092329983,Michele,Ron,
1179516393979642888,Stephen,Henry,
6830545252326599816,George,Pamela,
6931192157065809530,Kathryn,Javier,
6728481266107837829,Molly,Guy,
1837543945238913747,Debra,Susan,
346383883801018405,Darlene,Winston,
3585117942738742826,Timothy,Mitchell,
4784595613898755687,George,Patrick,
121930409448152616,Valerie,Ben,
3808816878525848861,Andre,John,
4371250484238699314,Charles,Candice,
3446081643785178360,Kenneth,Thomas,
59107688603161551,Steve,Adam,
2647072808006072312,Todd,Juanita,
8179797775761830787,Tegan,Robert,
2669316819861990340,Rigoberto,Vaughn,
1233672106136412049,Mary,Lori,
4157520903121536058,Samantha,Charles,
856006374863253061,Lois,Hayley,
1780709650817721878,Jackson,Mark,
300848710207427015,Robert,Kenneth,
5794213838828119455,Dora,Katie,
4303919373360574804,Robert,Lee,
3579456625326881474,Richard,Ann,
1990238393373687288,David,Gerry,
3190128438567393614,Linda,Dorothy,
7774427387618507654,Henry,Angela,
4133989140670728361,Josefina,Ruben,
1041847574841135451,William,Helen,
8020473592300657623,Orval,Daniel,
3801989047502938355,Earl,Travis,
440589868745238517,Lewis,Kelly,
4279298202225378278,Francisco,Cheryl,
130005288540161856,Lori,George,
294822197900358373,Maria,Edith,
7778987510097373128,Jeffrey,Michele,
4567325157602244161,Joseph,Edward,
4414017900106720943,Dana,Darlene,
2769201378971231427,Melissa,Cindy,
7642563486628927888,Jeff,Frieda,
609024022459970349,Thomas,Jose,
1056859385148386780,Rex,Ronald,
7582348335485053234,Dennis,Roger,
7864198934403190377,Kathryn,Cheryl,
82403513687767491,Heidi,Timothy,
572381778724510890,Mary,Sherri,
5127008392840887101,John,Micheal,
5944629020510898256,Jay,David,
5697915885670854517,Danny,Mary,
1648848778031160238,Brenda,Charles,
1303870856357422244,Marvin,Lisa,
164982189031012815,Samuel,Paul,
6116830413072829189,Juan,Chris,
1866018113843944120,John,Paul,
3954670819913939806,Alex,Jacqueline,
7628392039873296379,Steve,Rose,
2748093649599685812,Frank,Paula,
1446829620871069911,Mark,Michael,
6159788417285463136,Thomas,Gretchen,
7950104642717251066,Justin,Kevin,
5225613244197433771,Jocelyn,Lori,
8270775824609421048,Clayton,Leroy,
1168753978174105670,Robert,Timothy,
184399357959941134,Susan,Carol,
3508335260161328815,Christine,Ernestine,
5144407633825674740,Elizabeth,Joshua,
2988812146858380270,Earl,Basil,
4820132391146249687,Marion,Milton,
428217007562448676,Bryan,Jim,
7284989550929850168,Joseph,Luvenia,
4547716917048512543,Laurie,Theresa,
5638294071567997,John,Pablo,
2874092201184393419,Eileen,Kathryn,
1605601542826817787,Christopher,Julie,
3099085798270475711,Christian,Linda,
8196152131664440822,Jonathon,Jordan,
883969700984768169,Charles,James,
2175262271547870099,Joshua,Sandra,
991474706329999296,Michael,Dolores,
1035839596439921063,Arthur,Dorothy,
6263622771158704924,Sherry,Lela,
240001231917428306,Janie,Tabitha,
6822173167279376351,Carmelita,Becky,
2613838979096832031,Mary,Kenneth,
6488785975025791569,Barry,Patricia,
2934385233138995667,Arlene,Glenn,
1228059586261689045,Tiffany,Joseph,
7935866643147721817,Jerry,Bryan,
111807443968929244,Luther,Kathleen,
4254606626811789415,Cheryl,Ellen,
8530063800227367134,Cindy,Michael,
4036287717719125354,Cynthia,Beatrice,
4342800469006660535,William,Jose,
1645957846641632689,Sam,Karen,
327741112218893936,Margaret,Michael,
7656814340613602706,Caroline,Julie,
4494830817225654843,Love,Andrew,
7422216316158824856,Ricky,Ollie,
1768509599087598762,Ernie,Bridget,
3089589179493115551,Stephen,Jane,
2540094184302603639,Willie,Tanya,
4119826223345355403,Gregory,Charles,
3469863861092955515,Tom,Stacy,
2264127675387595639,Clarence,Ronnie,
482845124584906046,Brandi,Erma,
2887703097801792421,Brenda,Edward,
7468602904130970392,Julius,Georgia,
6310445218305081064,Jerry,Ruby,
8443795865319228540,Dan,Brenda,
1564909193610127096,Debra,Christopher,
1964220886970156220,Goldie,Donald,
6185031173436847148,Kimberley,Kristin,
1959227125848323849,Nathan,Gordon,
4851365855771665597,Suzann,Sherri,
8147993538610471729,Shane,David,
4847127472070644960,Michele,Ronda,
1687376911001975744,Noel,Albert,
8325200573778011808,Frederick,Angelika,
2820755263746776287,Billy,Greg,
5081515387142141153,Rebecca,Dylan,
7959155050623660656,Gertrude,Darlene,
8096405716137470776,Sarah,Richard,
2290906095188472230,Michael,Douglas,
7243386640207681701,Ivan,Wilfredo,
3763762192778707534,Elizabeth,Sarah,
3054926842336707514,Joel,Gladys,
1758845169837939630,Richard,Robert,
1743308805939908565,Floyd,Scott,
2457277713326561594,Kristin,Deandre,
8113932043911132678,Bruce,Mercedes,
3033246574038154500,Mollie,Mary,
6379251871084258782,Ryan,Louise,
6812273751031174702,Stuart,Jonathan,
2973310929518809853,Yadira,Harry,
508532764227368538,Andrew,Eric,
897891751808714380,Andy,Robert,
7942429896669163243,Jane,Beth,
1753977361491992398,Alicia,Andrew,
4977343709384305650,Michael,Jeffrey,
7723697316223706078,Harold,Roy,
673571484813909977,Margie,Maria,
4631520993117505774,Andrea,Michele,
6080008715465425684,Kathryn,Goldie,
4240659364472747454,Alberta,Gregory,
1311297684208788530,Kelly,Antonio,
5783722609339043169,Janice,David,
4104220703172779993,Michael,William,
421563776027829446,Tabitha,Albert,
5369695559030136447,Ramona,Crystal,
5729871519557902118,Evelyn,Deborah,
7276521454868932441,Nicholas,Linda,
6925980551012181507,Stanley,Ronald,
2516764955565074107,William,Heather,
2933453091254932319,Maggie,Stephanie,
5925592683390148464,Mark,Cindy,
4506749735930033423,Hung,Marvin,
1234108081460491,Kenneth,Sally,
30901338710096810,Ronald,Heidi,
797328317592010132,Sharon,Nina,
6725606583611347413,Karen,Gregory,
5505464813115954604,Lavern,Carol,
6642225577400683095,Frank,Johnny,
6296006835545484718,Robert,Marcia,
8351588559530709463,Joseph,Fred,
5843433585927349104,Robert,William,
5176402422118637276,Noah,Noreen,
3707493936984347426,Timothy,Nikki,
8318032084926933023,Viola,Patrick,
8007631442481268542,Brian,Mindy,
6461346698996847957,George,Julianne,
3897697948521077326,Brittany,Mark,
7584985682253296955,Rocco,Ann,
4539715034791992919,Bernadette,Betty,
5110885516141253643,Shelia,Matthew,
7897771001927622300,Julie,Alma,
4081061185336290629,Samantha,Donna,
3626834832127123173,James,Alpha,
1190502763271569207,Jane,Marcus,
6975902611295524178,Robert,Rosie,
2303094906869792423,Lucy,William,
785797890504815227,Ella,Mary,
7735154335007943871,Sean,Kathryn,
5768625476545475207,Jason,Meaghan,
131683430611056802,Raymond,Jesus,
8278185506158865456,Donna,James,
581277080780764525,Stacy,Joe,
1849658589908496796,Juan,Marguerite,
96836865777896210,Eileen,Michael,
3894760275088060996,Dian,Forest,
6829971412829410660,Lisa,Brent,
6108598263324706733,Francisco,Kurt,
6440747685604567615,Joycelyn,Joe,
43798743882829824,John,Evelyn,
2346000270281313620,Jackie,Harold,
4013389203542028930,Robert,Cindy,
5373824801537120759,Patricia,Fernando,
4264500126940057287,Monika,Jorge,
169727641750403798,Brandon,Nathan,
4899188950825522430,Ralph,Alice,
2130968261956918195,Victor,Lawrence,
7022950064416620037,Tiffany,Antonio,
6290211196258401646,Calvin,Cory,
182104509643235501,Paul,Albert,
2559358955984673870,Barbara,Wayne,
5888875196272802389,Nicholas,Michele,
6472977536187300981,Carla,Michael,
8068119114845800091,Cory,Michael,
5776071355214020258,John,Paul,
6658479504957086916,Bettina,Ruth,
7600560185853344247,Michele,George,
4579848413486768550,Jarvis,Blaine,
5712745189713399182,Jason,Tina,
7766867067247264536,Judith,Claretha,
2133502685812155173,Karl,Amy,
7840153794902445473,Edward,Betty,
3104212782790182579,Kirk,Kelly,
4609392974637673940,Deborah,Glenda,
2329104060323422740,Helen,Vincent,
3112402648406589232,Timothy,Jeff,
2289349835358433617,Diana,Judy,
6546871103109730439,Betty,James,
2375890711809479029,Julie,Geraldine,
6279798097067507758,Angela,Tom,
39191961645831212,Debra,Eric,
7855403434421571125,Hattie,Ashley,
4108182383637931713,Lorna,Clara,
6134879602245689289,Hugh,Barbara,
3409687279012149008,Linda,Jimmy,
3478723523868788336,Helen,Donna,
7342157044218760109,Brian,David,
7599660201098059969,Elliot,Vicki,
1865717148061468367,Freeman,John,
4238852628662063820,Micheal,Joseph,
5153785767957328736,Ryan,Susan,
6505896330918967532,Karla,Bill,
1348169166731230341,Andra,Paul,
6671539055868280669,Frank,Amy,
1720769911506933656,Beau,Phyllis,
2582752335569042590,George,Barbara,
3994481718266198601,Franklin,Raymond,
2550169116540719671,Delores,Joseph,
3933726517297841018,Margarita,Lisa,
7106667526175958310,Robin,Jasper,
2864485915955423945,Rebecca,Julia,
6806499489865438009,Wayne,Patsy,
2658091971037015678,Judie,Yoshiko,
2813751388073126399,Ray,Lee,
1023358756498292376,John,Mikel,
2660471477961457221,Elizabeth,Ryan,
3430260591529390448,Brandon,Sandra,
7655603435614112776,Rebecca,Colleen,
6402146420577350155,Danny,Joanne,
1915960467312988184,David,Helen,
7494867411965553799,Thomas,Kathleen,
8264395164391061876,Michael,Darryl,
3819302976775378934,Michell,Catherine,
5389971338299370037,Kelvin,James,
2308651143909237133,Julie,Betty,
3602181401084378283,David,Anthony,
5474650673186601846,Sandra,Mary,
3415868352196909441,Karen,Brenda,
4556893328898140479,Susan,Michael,
392995219694915280,Allan,Jack,
6952014216448073416,Amanda,Carolyn,
3066342045422829793,Lu,Ruby,
4163732207323363547,Randall,Timothy,
2091842468561259658,Melanie,Ashley,
6416977627776971434,Elia,Harry,
7781682296141621889,Philip,Carmen,
3649034074819575411,Melvin,Claude,
160974837439180894,Hung,Leroy,
4707107272511048035,David,Germaine,
4668409804100463828,Anna,Raymond,
1183874135063140812,Jessie,Thelma,
7062736542975943259,Bobby,Walter,
1067198298988687117,Dorothy,Jim,
5365441318358259555,Johnny,Simon,
1664509000671863028,Stanley,Mary,
7974857617091789260,Brian,Shaneka,
8335583431859532570,Lessie,Danny,
4281457263120256558,Loni,Carole,
2579862907252391806,Doris,Leonardo,
891901568929548321,Steven,Julia,
7578342048842424819,Jeanette,Teresa,
5926754308522183470,Maria,Benjamin,
5272501524071357555,Tracy,Issac,
2099177058915955901,Ruth,Timothy,
3596150999460400391,Catheryn,Raymond,
3941176113589235894,Miriam,Melanie,
7906048310911730606,Louis,Felicita,
7074226324344487216,William,Andrea,
5254875961455542611,Gary,Rhonda,
7349198773084301766,Al,Tony,
6039741838508470030,Elizabeth,Betty,
5740566066768876088,Mark,Sophie,
7695923676828330430,James,Christopher,
7952020703902388629,Aurelio,Paulette,
2336466123014174118,Bernice,Patricia,
3612000968121713857,Harry,Milton,
1716278112225444704,Jerrie,Benjamin,
3465582367153750142,Robyn,Josephine,
