4763643665484736202,Alan,Todd,
625939061097974303,Lisa,Sabrina,
285416362210119591,Jackie,Michele,
6901567794185594265,Debra,John,
2703081925819857844,Avelina,James,
2858921262102298506,Randy,Jack,
1296604495578640415,Richie,Maria,
2050685872819494045,Barbara,James,
4346439543208212722,Roosevelt,Ocie,
5528819462277129836,Lionel,Michael,
1518546162447695589,Linda,Jessica,
6381718353870902302,Samantha,Rebecca,
55153750227178181,Charles,Penelope,
7498496986859276007,Neva,Chelsea,
8199548460099223387,Bridget,Paul,
5136161351105042757,Ronald,Robert,
3379118702673340292,Ricardo,Mark,
6476952217990916947,Gary,Justin,
7636755484911920390,Keith,Donald,
3880873463417783857,Steven,Lisa,
850152378730217500,Jose,Leanne,
7963152553612843023,Faith,Jessica,
5307668889756710405,Thomas,Jessica,
8288356239014571375,Kymberly,Sonya,
4266949539976298380,Clayton,Christa,
2897166166192706335,Kendall,Mary,
3455431869402663626,Noelle,Shaun,
3486116226633282566,Tom,Caleb,
5412980978279392267,Nicole,Fred,
643304954048816635,Frieda,Teresa,
328909139541896804,Linda,Lulu,
5170748685038505541,Dale,Linda,
7933894636262375731,Kenneth,Sally,
8417058462703386813,George,Tori,
5060908293203915217,Maria,Dwayne,
4828848420860426105,Clyde,John,
8295412001830284910,Truman,Ruby,
4967082828694690536,Jeremiah,Jimmy,
109963256891541474,Wanda,Jodi,
2861915109832547806,Shirley,Robin,
1866822678241684997,Daniel,Joyce,
5487402032293511073,Randy,Jason,
5043134928774358120,Terry,Gertrude,
1117161532399112118,Alfred,Harold,
7774689856155919871,Margaret,Sylvester,
1358349917556139099,Gloria,Latasha,
2471976373543933400,Robert,Andrew,
8014886088083279502,Christopher,Kristin,
7554066480569824485,Robert,Larry,
3374522297227399844,Leslie,Austin,
7008587624834000186,Mary,Arthur,
6280241812386460153,Roberto,Thomas,
1549081694620401062,Scott,Brent,
464510693510682167,Katie,Stephen,
58605696912388577,Dawn,Joseph,
4087985026043097269,Randy,Jerri,
2434233290261658101,Ken,Dwayne,
2733265887101596230,George,Ricky,
3333764163962510663,Maria,Angelica,
7485711762499648668,Nancy,Ruth,
5847437912846820853,Kelly,Katie,
1410986839282645096,Emily,Scott,
4680853792532676206,David,Frances,
3780087720404759885,Alison,John,
6164946116261336969,Dana,James,
998340501446559198,Donald,Tina,
4097323768474185931,Luis,Betty,
7225809911796778720,Richard,Jim,
2472576591168730377,Robert,Lela,
759566834552790187,Mark,Dorothy,
2660071323953836418,Denise,Eladia,
6180622272920164740,Roger,Albert,
827224392400373946,Lloyd,Dorothy,
2585678534490016416,Shirlene,Luz,
3583767400781978146,Gloria,Carlotta,
3052218791530108541,Nicholas,Lillian,
3100953749160762866,Vera,Calvin,
3399522765676187298,Vera,Margaret,
4205398156313963726,Brandon,Lillie,
188868856845070512,Lewis,Lynn,
6725891496768175609,David,Linda,
7933899505884967839,Trinh,Helen,
5577669332759352892,Kara,Kara,
6654535893687646833,Nathan,James,
3993018110420574950,Kimberlie,Anthony,
2994403768135725334,Paula,Catherine,
3997377727778824457,Robert,Dorothy,
7715125236394031949,Barbara,Evan,
6869717237241850291,Obdulia,James,
2472308138127781832,Angelina,Fannie,
3797965930274834175,Melanie,Richard,
3476997234060701649,James,Tim,
6286068475136299159,Gladys,Irwin,
1969150662128779379,Douglas,Jared,
3501321789367733990,Anna,Debbie,
3303390171545897238,Joshua,John,
1261423674502197202,Mark,Easter,
157108206450688669,Francis,Michael,
1033309982062459473,Rodney,Steven,
8205743768488992672,Kathy,David,
6534486726276533176,Thomas,John,
8102283965943327975,Johnnie,Wendell,
4819015875528490838,Alicia,Allison,
5482852292139780346,Terry,Delbert,
421201795738845104,Juan,Donald,
2450694843377853916,Adrianne,John,
3363829568955038311,Angela,Ruth,
3300634093059544086,Martina,Carol,
7957363832380912769,Barbara,Kathy,
1679859221592820732,Carl,Mary,
5976689259463633980,Judith,Maria,
262905803549771581,Nicholas,Ernesto,
1517982168532363823,Linda,Frances,
7935145598993233651,Harry,Albert,
1707006359447749755,Oliva,Donna,
5983858227685649809,Brian,Lisa,
6954381058713584183,Robert,Thomas,
5774123330459572885,Vincent,Horace,
872217193776112847,Josephine,Sheryl,
2446406756597085767,Dennis,Mary,
5821562156242330278,Joseph,Jeanette,
7114768105692579722,Jason,Debra,
1989812219032404267,Angel,Jenifer,
2088568516942941533,Trena,Matthew,
3313610708079017303,Marc,Glen,
765381771784731379,Brandy,Deanna,
4693329571614563134,Glenn,Bonnie,
6917154187312595861,Larry,Dean,
7757102737523690452,Doug,John,
7493515793148176857,Rosa,Holly,
5874577774841826164,Joshua,Jose,
7585253100354614059,Richard,Carol,
8194438591286372607,Henrietta,Billie,
3096323365306701744,William,Helen,
2077292843589060098,Dennis,Larry,
6558426109801646816,Stephanie,Valerie,
1782797385330494909,Gordon,Barbara,
5391034438516439211,Veda,Alberto,
2827583955315541567,Frank,James,
7946703997487741798,Rachel,Cora,
7267900073867956674,Joseph,Nancy,
1584625034230229026,Willie,Frank,
2424138736664127913,Henry,Gerald,
5929399513680855936,Leo,Phillip,
3171977522086529293,Garth,Darrell,
486066092669722214,Ava,Diane,
7271581678608428972,Kimberly,Robert,
1029536656422136047,Justin,Larry,
6271739549563654287,Lorraine,George,
6438746623122789507,Rosemary,Leroy,
5309519949338764443,Dorris,Amy,
1109405043082245710,Maria,Casie,
8248688197994086895,Colleen,Joseph,
4837988049534860014,Todd,Robert,
5819048611083465297,Henry,Robert,
7099200456067131883,Luther,Justin,
7510886974148306836,Shelley,Andrea,
3103113521109433832,William,Linda,
2124546714895280072,John,Robert,
561972631407953865,Antonia,Herbert,
3186331468084084787,Julie,Adam,
2409503781222994376,Elizabeth,Diana,
567073169743252623,David,Helen,
6407009185169335280,Erin,Margaret,
6688574056264138795,Mary,Mike,
7975565888875598291,Thomas,Kenneth,
2764956600685626493,Hillary,Arthur,
3798655101975959642,Donn,Ronald,
644413180729173763,Betty,Lucy,
7349603186279311517,Byron,Brandy,
5779877961558435915,Norma,Jewel,
7124328578568737027,Mary,Mary,
3334109152804131788,Deneen,Scott,
424667446655344408,Richard,Esther,
5292049596148019924,Theresa,Melanie,
2850978534668082285,Augustus,Daniel,
7697198076497415697,Ryan,Diana,
4752846934894931064,James,Jessie,
5421318487182542413,Ann,John,
6917642714440203097,Betty,Catherine,
7256502869957917818,Faith,Wayne,
146498679626262539,Winona,Cristina,
2993497631270885536,Karen,Thomas,
627950214241935142,Gracie,Lynette,
7198410100985793946,Josh,Christopher,
1121204110571240810,Jerrold,Chris,
7606239386860157708,Alan,Jonathan,
4585152787519660958,Heidi,Charles,
2149110166359123912,Susan,Milton,
6644637404125315575,Erika,Robert,
8066828838520168917,Michel,Nora,
7948716372499092228,Michelle,Andres,
589039796112083535,Charles,Carl,
1218502652547552039,Candy,Bonnie,
697886932056727950,Charlie,Mary,
3764452869025232922,John,Marcus,
3139813583579844557,Dianna,Thomas,
267533612129677273,Francisco,Julius,
1009477926501489718,Barbara,William,
1313468297753215970,Jacqueline,Georgia,
4252675088126131077,Edna,Chad,
405636143887275389,Phyllis,Lori,
1244166002656734261,Lynette,Dean,
908275713479237786,Kenneth,Mary,
982471496554616392,Meagan,Beulah,
5184101580790024326,Ryan,Beverly,
4220535680665760347,Kenneth,Charles,
6813704299015533703,Irene,Mary,
5476567078245164240,Nancy,Lyle,
1338932334838086366,Michael,Marjorie,
6137669316310104169,Russell,Eileen,
5750790108266611966,Brandi,Ronda,
7594255612763167162,Mark,Maria,
6259465101121683286,Dorothy,Margie,
1604656232495878624,Christopher,Brenda,
3097434884320410816,Joseph,Felicita,
1704727066221449873,Dawn,Belinda,
1380540655787449650,Charles,Jamel,
351373575849158841,Mary,Michael,
3341054067048339709,Michael,Carl,
653677427795253756,Frank,Denise,
5625347039179358253,Ryan,Jason,
1131974824442815634,Roy,Alice,
2949928773564162479,Robert,Jamie,
8014427171557613698,Susan,Samantha,
2196504365751629744,Monty,Ricky,
1725833219651280907,Paula,Francis,
5928892824419425982,Matthew,Carmen,
156180019635004159,Holly,Donna,
75854247688619227,Emery,Travis,
5897138046353326210,John,Lacy,
668116511312195776,Nicolas,Harry,
3169453142337664562,Anita,Deborah,
104480472457526787,Dorothy,Mary,
2341502299721453304,Nicholas,Peter,
7478334771630988743,William,Kelly,
1306555809027579562,Rusty,Michelle,
439487680202705529,Jerri,Matthew,
3618511173571169352,Andrew,Angela,
6724315854283934831,William,Natalie,
2817722045966638982,Connie,Ward,
3459476359449062169,Elaine,Linda,
3723842134880065544,Benjamin,David,
7595784515640938593,Jimmie,Ann,
5166274392757263719,Deborah,Michael,
3235562528595509690,Laurence,Julia,
2274354548905326947,Donald,Matthew,
6223328116475996593,Jerome,Arthur,
3779478637699214797,Jodie,Dianne,
6749947645051914352,Bernita,Hae,
2116271535424894763,Carlo,Tonia,
3655377343981323442,Oliver,Dawn,
6696068117782683699,Austin,Robert,
6268309493315027380,Stacey,Sylvester,
1558757020994773495,Clyde,Charlotte,
4445791583273230204,Shaun,Leroy,
641799059752771977,Harriet,Betty,
6872188813866240436,Lacey,Marvin,
8455413394168167716,Tammera,Jacquelin,
6268830066522848692,Adrian,Valerie,
4533832641118336571,John,Carol,
8004317379532776500,Kenneth,Kevin,
6463723881049946705,Jason,Josephine,
6059325117342021267,Anna,Mark,
7187542795808289187,Lynn,Jessica,
6824027551796047834,Muriel,Louise,
1593348784800572127,Cyrstal,Malcolm,
6620297910876424826,Dallas,William,
3775389102894155852,William,Gabriel,
2276456983297373356,Katherine,Christina,
4432434014708751925,Santos,Claire,
6806589573615560463,Nell,Shauna,
2757693376912192994,Everett,Andrew,
7029863980297048380,Christine,Thomas,
5295768373317650951,Adrian,Annie,
4960144598247799902,Joshua,David,
7000725521932739228,Ara,David,
7393526989111632399,Almeda,William,
6270291310148861830,Jose,Mark,
6009617058941465500,Donna,Julia,
4165389498224662687,Deborah,Jo,
2577684083343602498,Charles,Jean,
7704246146002209577,Alice,Lavelle,
3753779911607364054,Kenneth,Titus,
7059106805050017734,Elvin,Earnest,
1743438370942377989,Emma,Sharon,
5094470173630663998,Dolly,Sharon,
3568608717162323332,Roy,Angel,
1234929389507632804,David,Daniel,
6621781737270289277,Charles,Wayne,
7261854477022203553,Jerlene,Fred,
6903013013011888063,Thelma,Isidro,
6718180401249722920,Angel,Elizabeth,
1125449658954335813,Scot,Eric,
3828131295961058134,Elizabeth,John,
615376027553707298,Dolores,Margret,
3154110884537561337,John,Cindy,
3555387698357284712,Jewel,John,
5380641720270875940,Jerry,Thomas,
2692709490981789686,Aline,Shannon,
2274729988475549338,Maria,Raymond,
4693966198327830206,Susan,Louis,
844725627614322464,Jeffery,Earnest,
4599910645063647552,James,Charlie,
5634304456406371437,Steven,Rhonda,
232652649931279238,Bertha,Kim,
1280194924159462361,Letha,Ella,
5096567183191301358,Andrew,Roger,
3547676805600082425,Effie,Robert,
8240693532122236101,Wendell,Jay,
1879326807547567617,Donald,Kathryn,
2421678860419956320,Willie,Gabriel,
427453626302679943,Kayleigh,Kenneth,
7897825671297697791,Leroy,Agustina,
4813585760144227615,David,Antionette,
7797522457208618420,Misty,Katlyn,
78138297437105702,Marvin,Alma,
3997798699536728729,Mary,Mary,
3467319866293131823,Juan,Peter,
554820241874209026,Mary,Joyce,
1090146115962136499,Jesse,Isaac,
6367358742207757964,Gloria,Janet,
6540232820020509374,Mary,Joseph,
80285311702031011,Nicholas,Fred,
5251090082855258572,Bridgette,Esther,
2246665231105149771,Leigh,Kenneth,
4227607580116371367,Katie,Rhonda,
4121294001197346664,Chris,Theresa,
3612311896072045406,Chris,Tracie,
2649257042761782996,Leo,Angel,
4540283124076920432,Kenneth,Louise,
7498728594799936455,Mike,Noah,
2846342056308225821,Terry,Paula,
1660256274421680334,Tara,Stacy,
1924385230881106915,Dennis,Charles,
7620850158946636877,Mercy,Andrew,
6379114561876486737,Mark,Crystal,
2923829994676428712,Margaret,Christopher,
8363765095085376840,Kenneth,Michael,
7123963078540767597,James,Thomas,
2107589940387940981,Constance,Yvette,
6063701467168017756,Joe,Christopher,
6239266496833288491,Jason,Darren,
403806965733848826,Glenda,Allen,
5044114781749002887,Edmundo,Edward,
3814970638587502065,Scott,Arthur,
6155617271613509427,Brenda,Wesley,
5716986966400700215,Marcus,Elbert,
6501011190008054413,Kizzy,Jonathan,
7238454936917585184,Phillip,Larry,
4868034131969128960,Kathleen,Angela,
2380057107883401682,Lara,Brett,
2405850859620654727,Mattie,Cristi,
5543491789505766290,Jenifer,Joan,
7140093867514394445,Arthur,Elizabeth,
2077136921079273066,Richard,Mabel,
74271692109965148,Lisa,Lorraine,
2740079339117609286,Jane,Tamisha,
2410165745630184515,Melinda,Dionne,
2000873991851422917,Frederick,Lorna,
7364873844627509786,Wallace,Hal,
2562889977549381792,John,Collette,
2833888839723936558,Stephen,Paulette,
7192422474946853964,Lannie,Michael,
759991968095583104,Jerry,Christy,
781662999909661245,Ruth,William,
4802402719154093843,Andrea,Alline,
4386021336625523195,Ken,Wade,
1134318425959190737,Kristen,Marie,
6158241878598770529,Margaret,Leland,
6109597874161473366,Michael,Roy,
2895759761705156035,Randy,Hilde,
8008449329010905033,Felipe,Melissa,
1372171047607002560,Kara,Bernice,
2424164312205214151,Christina,Elizabeth,
7543561686896394081,Amber,Samantha,
4489308080426361639,Alyce,John,
4292940484050429928,Nancy,Janet,
8285703248124336588,Jamie,Rachel,
3222567254053020495,Misty,Vanessa,
1982821133442042648,Evelyn,Carolyn,
3954447507704172538,George,Dorothy,
6965567184475541150,Maria,Claudia,
1674488170238525840,Donald,Kevin,
4009232467184960430,Stephen,Sandra,
4150404085793281392,Victor,Joann,
8026853829766717953,Wanda,James,
2147784459025869585,Donald,James,
457626252966455085,Raymond,Marietta,
3734184334092291862,Carolyn,William,
201743695583145697,William,Jimmy,
3451756776964208015,Karen,Roy,
1980087768470660679,Robert,Cheyenne,
3167136219328443934,William,Mark,
503221536815708030,April,Kenneth,
3169619070280968975,James,Marie,
5244925882801916213,Barbara,Leslie,
7492311021079152762,Rita,Juan,
8245646539350625139,Ronald,Ryan,
5533532164237923793,Tania,Darcy,
1013492681664648906,Christina,Bruce,
2491851215567455941,Ronald,Gloria,
7470427002724963023,Miguel,Heather,
4656275778302187488,Ruth,Guadalupe,
2459413486897226830,Beau,Christopher,
2441870253687306249,Ora,Jane,
4853503563701998929,Edward,Kimberly,
7710283847852559284,Matthew,Jeannette,
2748771198539383385,Todd,Mary,
3081393648812857498,Marylou,Gilbert,
4748830947140891299,Charles,Sylvia,
6479860263568290401,Carol,Andrea,
8031818824894738193,Patricia,Matthew,
4244733065641512968,Mary,Rosalie,
3708364309975680918,William,Herbert,
1253591086594604832,Thad,Erin,
1276762535727381043,Jamie,Morris,
8552482516528495784,Laura,Miguel,
6519065309403651313,Ward,Barbara,
5517780493216318550,Arthur,Cynthia,
7148852847116558974,Travis,Derek,
8130999061662476999,Janet,Scott,
3863321957851896086,Anne,Juanita,
7162284036172246051,Brenda,Richard,
2642345895258788402,Coleen,Margaret,
3408060799918578650,Paul,Spencer,
1520495920100367184,Frank,Kayla,
5004229364698970729,Blanca,Debra,
3743240882333663631,Leonard,Mildred,
4457560114358148753,Scott,James,
1830070319233522840,Daniel,John,
213973138120652271,Christopher,Jesus,
1500844275677091857,Agnes,Helen,
3117439018324217215,James,Rosario,
3929880654484412178,Martha,Charles,
5448685259503920631,Michael,Harry,
3449812373257315638,Stephanie,Christina,
2307998275334717094,Amy,Joseph,
2848360814233266279,Myrtle,Nancy,
1556667900763478559,Elmer,Crystal,
2599938960749231641,Bruce,Caren,
317897190302447778,Gary,Nancy,
6109501325245715194,Travis,Verlene,
780475062819597569,Tim,Christopher,
8321203675005329927,Susan,Lisa,
221031445531572311,Eugene,Robert,
2479353038356474932,Elvira,Lynn,
5957771823926194912,Landon,James,
6615792323973101156,Bonita,Shawn,
1124381068983862846,Kenna,Paul,
4032721140322566879,Samuel,Marlene,
5036015269482153060,Jane,Kelly,
94714986390332659,Nicholas,Thomas,
721104432531872246,Barbara,Leroy,
8077559102720266925,Kim,Frankie,
1017073889944017626,Theresa,Ralph,
7682225026776606988,Martha,Stephanie,
5140109684653138002,Kelly,John,
2102020470479372218,Jill,Helen,
6501552530322692243,Thomas,Wayne,
5125780506201867554,Andrew,Marshall,
923548499845324780,Jill,James,
434781093767388442,Mable,Angela,
4985588593750573943,William,Glenn,
3211400926486205177,Cheryl,Maria,
2737806879144677497,Trevor,Christy,
6934674234970114519,James,Timothy,
5532874186704200343,Lori,Art,
7004305361543294158,Alexander,James,
3068651511164943666,Jean,Barbara,
1867160004310867136,Joyce,Retha,
7204803028993942125,Julia,Edna,
5800487087560822390,Alice,Michael,
227975999193508607,Justin,Olga,
4927604461721221345,Christopher,Russell,
8010558026752897104,Debra,Chet,
1099322469146236080,Robert,Lillian,
8083535213222737859,Marty,Linda,
6011509061744515350,Deborah,Jose,
1716554097899672930,Ruth,Gerry,
8439903261203199746,Geneva,Lisa,
532501253930530579,Kevin,Mario,
5470527215002039672,Harold,Larry,
3933980841712850721,Elizabeth,Stanley,
1281254152735171366,Bennett,Peter,
5565458638278360387,Libby,Alice,
953503971557580167,Lolita,Concepcion,
4390735744078293526,Linda,Deborah,
3628120638307097491,Rodney,Robert,
5081226596219551146,Dorothy,Dion,
6804991665080097661,Kimberly,April,
7220859497761788795,Dan,Thomas,
5425957769039015002,Micheal,Johnathan,
3253586552305907965,Michael,James,
2085001227112448284,Joyce,Ronald,
8451778463275026422,Frances,Ryan,
6072650442521830235,Amanda,Kayla,
5546468621760592489,John,Jason,
4315261775404653483,Mary,Betty,
1665629415142662239,Venita,Joseph,
6313086071109424363,Teresa,Wayne,
5783620895759882820,Mable,Ronald,
7573783773140377426,Daphne,Sandra,
1131190756877070820,Jonathan,Thomas,
1457068840648646122,Melissa,Jeremiah,
4131388170870916731,Janet,Crystal,
196751320001949284,Leonard,Claudette,
8379782532828301654,Harold,Ronnie,
6487758921918916362,Robin,Reba,
6088063232944003981,Larry,Leslie,
7477931291306610390,Michele,Lucinda,
4808576804437231627,Samuel,Lisa,
491409274492898089,John,Anne,
5400484247758598980,Mario,Carl,
7096619007470602388,Geoffrey,Thomas,
6599830480379422704,Catherine,Jeremy,
6624300850320289391,Joseph,Michael,
7822946844937474340,Sean,William,
2180551410761641556,Roberto,Fletcher,
4222537494883433786,Laurie,Janie,
3335578818627596182,Julia,Kevin,
2785600807036839050,Edgar,Ismael,
5925228970968819679,Sharon,Jose,
426456620286685215,Robert,Amanda,
3100877661095925125,Barney,Jerry,
4683103043340902113,Jessica,Patrick,
4227057449852637068,Curtis,Melanie,
3099417437342355902,Arthur,Bridget,
5262578439531288929,Lilia,Destiny,
8044492988207794954,Darlene,Richard,
7734186246401418884,Jeffrey,Rocky,
3253697271014152177,Jean,Edwin,
5768578014895430485,Jennifer,Karen,
4155675982270459500,Robbin,Klara,
2500733129391719367,Joshua,Kim,
3277930666292553099,Ruth,Mary,
1607141099439542067,Andrew,Patricia,
5393855984445231949,Roy,Pam,
5617341245260838557,Richard,Jennifer,
1123551431741975546,Michelle,Kristen,
1228701880662959173,Gina,Emily,
1169051259194493577,Kayla,Debbie,
6510578135550782993,Carol,Patricia,
1821091747029525915,Robert,Michael,
894891301577541370,Ione,Robert,
5319165149140568244,Marcos,Lisa,
3002798017405364622,Patty,Mary,
5444309668266983763,Jeffery,Damon,
468646430387090681,Jacqueline,Jeannie,
5635915975258594733,Evelyn,George,
5115092414017256687,Karen,Robert,
6703529308693794270,David,Chang,
1695526992524021774,Boyd,Joan,
6897274839030222737,Catherine,Billy,
281952964788911407,Marie,James,
1061471551217622602,Matthew,Ernie,
2173671398854071070,Daniel,David,
2313903081519203778,Josephine,Robert,
408308262794170391,Mary,Carol,
2100291449376839755,Florence,Alice,
2372076536517318883,Timothy,Elizabeth,
3062252849218438979,Christopher,Mary,
5987214818968543912,Tommie,Emily,
5166170511675965663,Heather,Ila,
8535501395315715280,Natasha,Charles,
271730586874777715,Stephanie,Joyce,
3978173285064719660,Marjorie,Constance,
7702471021633558398,Ella,Juan,
4673487144892735027,Walter,Candace,
7400513083303420045,Kristine,Julia,
1201146012662737687,Leslie,Irene,
7654639413171552866,Evelyn,Alberto,
6833679315546141159,Shirley,Corinna,
8447421014445300028,Alfred,Christoper,
4878343608931191772,Joseph,Francis,
6928314859077375651,Robert,John,
7103410768957759819,Linda,Mattie,
7771972916566093741,Ruth,Sylvia,
2985753541089730668,Amy,Andrew,
1656329045037494144,Nora,Greg,
4434106933903114049,Dennis,Walter,
3492341691582537023,Sally,Lynelle,
7570424044522350535,Lita,Steven,
7884635905266402193,Jessica,James,
604641697062486236,Nicholas,Angel,
2277915005452114875,Minnie,Nancy,
4399058610028762918,Renee,Robert,
5314456610940758332,Carolyn,Marcie,
3233838305642973366,Christine,Mary,
7235554203670816222,Catherine,Yvonne,
8151990781738517857,Patricia,Brian,
2306246309867377552,Richard,Mildred,
7780394202466463016,Henrietta,David,
114637707060997008,Robert,Stephen,
7342863948685944890,James,Vanessa,
2454812789316356141,Shelly,Cecil,
844452094362406034,Michelle,Brooke,
4711472008000855139,Taylor,Kenneth,
7674778080355459694,Anna,Claire,
8450361054492450815,Patricia,Robert,
4985539482539271833,Kathy,Stephane,
3241578816519683148,John,Larry,
2915514287068238802,Mike,Neida,
6877035282525625758,Duane,Christopher,
6377652906431207791,Richard,Wendy,
8483252061486165265,Walter,Rhonda,
2347372825154486645,James,Johnny,
1185143918105768376,John,Charles,
2840648514719097193,William,James,
7196193364824901946,Todd,Rick,
5856278837654069364,Dorothy,Kerry,
5420727167429933160,Elva,Monica,
2163718055113218770,Jose,Ronnie,
1201046684229245233,Louis,Kenneth,
1436277854460234052,Alicia,Matthew,
2274328886561298586,Evangelina,Shiloh,
1096302332171293240,Agnes,Donna,
7895301470655372314,Richard,Lucille,
1479342244108457605,Denver,Lisa,
3509876152523577956,Nancy,Carlos,
5621564747286563571,Elsie,Gerald,
1353480727235017186,Edith,Sue,
2491978065640313889,Janette,Margaret,
8472682672650476647,Nancy,Antonio,
2909922341827272612,Shirley,Thomas,
1923371132434749201,Chadwick,Anton,
2081617632017991109,Shawna,Aurora,
6853618427419202560,Shirley,Jewell,
8284790014247666318,Leslie,Adrian,
1792171945147106422,Debra,Fred,
8291131249519958513,Kenneth,Vera,
893578123106544792,Jason,Milton,
3101712668202155271,Norma,Marc,
7540860514904282025,Donald,Kenneth,
936063683800551994,Kenneth,Jose,
3639959272081766039,Jack,Paul,
7059716981728940583,Michael,Ruth,
3761142929225604786,Sergio,Timothy,
4427058283530259884,Lisa,Ann,
8068867594392557991,Jesus,Scott,
7465367346043653906,Rebecca,Patricia,
6730697376357213170,Vernon,Jorge,
3390760892907191674,Dora,Nicole,
948309202751676725,Wanda,Mark,
371445709776981214,Dorothea,Ricky,
6752973815211493877,Brittany,Betty,
4222367235617565244,Doyle,Carol,
5041440863195789795,Deborah,Louise,
695804279957057775,Vickie,Trent,
5926365977245522504,Maria,Elizabet,
90011140465782631,Daniel,Robert,
7609998670146447356,Michelle,Catherine,
2055448093614664444,Ian,Cynthia,
5690539752899087913,Michael,Brenda,
4040980118917881159,George,Teresa,
6706409063723830252,Jamie,Karen,
6390259621664259094,Mathew,Chris,
2667171894346748727,Anita,Kelly,
1288750621922442771,Donald,Jessica,
4414750794130331035,Maria,Raymond,
4780463434813908047,Cynthia,David,
165494723416720667,Jewel,Jarvis,
2370355142874850002,David,Kennith,
4036315617440033112,Sherri,James,
2824811516639246337,Nicholas,Manuel,
549853317426374231,Amanda,Arianna,
1683535122284019852,Joann,Olivia,
6481366786696281175,Mary,Renee,
2885220121096645725,Deborah,John,
3037186634686500880,Paul,Melissa,
6706208695513768113,Marianne,Clarence,
1368481965590543761,Myrtis,Arlene,
1383987658689142350,Charlene,Herman,
5509579727811229624,Ricky,Ronald,
4024657804569527587,Betty,Edward,
5045469410552452302,Adrienne,Warren,
2060134716624715759,Trinidad,Christina,
3643622441880892360,Vivian,Peggy,
2192285674498904141,Mary,Lynsey,
3582682403273033018,David,Patricia,
5460073360584763804,Deborah,Heather,
789272639894995661,James,Forrest,
1785542567704770492,Dan,Victor,
3161923862006636263,Bruce,Carol,
6442698098393087723,Maxine,Frank,
1677155672488544960,Caroline,Joshua,
5392577802526491034,Larry,Janet,
5092618946838631624,Lonnie,Branden,
1000037782823910569,Deborah,Pauline,
3347709992561603413,Karen,Yer,
580569666474548660,Gordon,Norma,
2326634879197892234,Marylou,Samantha,
8164162660556388109,Sheryl,Daniel,
3607076383648234040,Carolyn,Charles,
2475213307761334599,Julia,David,
4483494672751129984,Sylvia,Guadalupe,
6949581617440399834,Judy,Michael,
5829495022143456456,Richard,Ryan,
126124171092453121,Shirley,Erica,
3839062971657734887,Myrna,Ronald,
6705000690426873697,Alice,Nicholas,
5666950929449347271,Denise,Tina,
5873607553289974747,Janette,Rebecca,
18717706098025333,Gertrude,Daniel,
3277226769598507685,Dave,Gregory,
1241370206495784364,Carmen,Vincent,
6131989023316699551,Donna,Rhonda,
4913434690260559414,Angela,Isidra,
3551158973275625433,Joseph,Bennett,
6907192709062878874,James,Charlotte,
8029600450985145015,Mary,Dorothy,
2221187543260566794,Andrea,Sung,
5975165860979341703,Daniel,Kenny,
6729044425167090673,Robert,Clifford,
5853008529448911442,Carlos,Roy,
7841447012687188232,Kimberely,Larry,
5869041677563312047,Daniel,William,
7696211841979365318,Wilbur,Huey,
1559395707417495944,Walter,Hope,
2709090367595015607,Dennis,Laverne,
7881598943452806371,Gary,Anna,
2196726810574699789,Gail,Elizabeth,
5824410580581403103,Sherry,Tammi,
1210009343518830357,Sylvia,Kathy,
4558258564780893450,Charlene,Kevin,
7053260444390407095,Karla,Carolyn,
4771696439982144442,Maureen,Raymond,
2231843165605371768,James,Alta,
5130126793860392482,Sarah,Michael,
577825230159349596,Tina,Kandis,
4766785414233064649,Sean,Irving,
1941530049372801000,Glen,Lori,
6193036612318250567,Susan,Rosella,
1392711266029781656,Cynthia,Sharon,
6483334755899628193,Cameron,Heather,
5814848144289621642,Edward,Roy,
2700204108238393814,Rodney,Renee,
6814704451767781700,Erlene,Mary,
590100128676132529,Hector,Melissa,
1018188727183633554,Kenneth,Rutha,
121621053826961192,Alva,Clara,
1580283925873601118,Nicholas,Delbert,
1336554391904975473,William,Louise,
1606226506513884397,James,Evelyn,
6419931212822255581,Darlene,Sara,
3932605150564446815,Pearl,Richard,
3291107650464131058,Willie,Elizabeth,
4974161327774928808,Marguerite,Lois,
8224671089004656001,James,Robert,
1869781723432702457,Janet,Judith,
7491920564254283389,David,Janet,
3498153930536280649,John,Eric,
3540970860100496488,David,April,
7372730804064166123,Stephanie,Amanda,
6125861831721866270,Rebecca,Frank,
5227498194603909605,Veronica,Joanna,
2551330463814156487,Marilyn,Glenn,
6504780811509275551,Leslie,Jeanette,
8395391673242647107,Steven,John,
6462580808705012471,Constance,Angela,
1628427380538615699,Maria,Gary,
6221934463574875392,Evelyn,Lavonda,
7778561052734482516,Howard,Eric,
6571057449898186835,Linda,Caridad,
1085196826517673308,Dorothy,Frank,
1652904176834249211,Kenneth,Kevin,
722744586819542426,Elijah,James,
3745974955578800796,Tommie,Mae,
5596449396667239878,Joseph,Charles,
3460683240291876045,David,Kathleen,
1569327389250956481,Juan,Robert,
340509269734207321,Donna,William,
379467773916548127,Marc,Kermit,
2602244926641159100,Stacey,Lena,
2199275343316185267,Betty,John,
8543774484644041635,Mark,Richard,
2109095765510926306,Floyd,Annette,
74464059430744618,Mathew,James,
1342359777783811706,Christopher,Shirley,
301609972636377588,James,Andrew,
3595095788457705858,Leroy,Mary,
1383288874981034963,Maurice,Jim,
8381983826089437029,Rosalyn,Mark,
3887165552678424214,Joan,Herbert,
4776220505698325390,Mary,Caroline,
4098321498610755096,Quentin,Hannah,
2040474087512367091,Kevin,Kris,
4925243895621383231,Kenneth,Christopher,
91408824611988682,William,Phillip,
781332868136711981,Betty,Bonnie,
8386294526186582778,John,Preston,
5077447588232306042,Darlene,Stella,
1587877324975182641,Jamie,Lois,
5089538448427878637,Sara,Lillian,
4237734566759503387,Jessica,Robert,
7126688527600010407,Sandra,Derrick,
8195768927355081510,Scott,Deborah,
1540964244277559944,Matthew,Judith,
6415760536888393436,Louis,Timothy,
861200427744042306,Christine,David,
1901281754575995845,Emmett,Nicole,
1621205187564427380,Billy,Caroline,
5063016013907466708,Juan,James,
3785169081532089629,Guillermo,Marvin,
3329203173496381232,Nancy,Stanley,
7750458231765086598,Jeana,Marlene,
288657579061396320,Ronald,Albert,
7579987435357099560,Kathleen,Lester,
1514507776368741613,Alexis,Melissa,
5549743620199259932,Cary,Steve,
3892345341317228070,Nathaniel,Elise,
1640133231464732787,Mary,Faustino,
2555821705256437234,Aubrey,Kathe,
6669944253497748831,Robin,Mark,
6260068081078712852,Andrea,Andrea,
574190582947628919,Lyman,Katherine,
5718824068291982465,James,Michael,
7404198723909723058,James,William,
2416915892579253016,Robert,Albert,
8464397885210255603,Sha,Jessica,
1696692387096770892,Larry,Frieda,
8047390282192374750,Ofelia,John,
3279108831482799043,John,Nora,
8134612246911611776,Sarah,Edmond,
8380515922294454003,Jessica,Michelle,
1121525359700916382,Joshua,Rene,
7980452683950517856,James,Aaron,
4606965310168252215,Andrew,Michael,
8202162227078119337,Vanessa,Orlando,
7471680723314880962,Faye,Michael,
53174433357202809,Diane,Robert,
5053322138051731009,Howard,April,
881109584472049928,Sammie,Antonio,
3971912834553990111,Veronica,Alan,
3372002381741871601,Jacqueline,Juana,
7721020911607829300,Peggy,Michael,
7844851521120150494,Annie,Wayne,
3828828976038301767,James,Jose,
7430946148841873275,James,Melvin,
7464567653223042089,Johnny,Denise,
4519314359274991955,Steven,James,
436672161449606765,Pearline,James,
2075914755038058100,Patrica,Kenneth,
5101716794009063953,Frank,Melvin,
7431507398759417373,Dora,Barry,
8190441283436038801,April,Fred,
216437692240183602,Lena,Henrietta,
1590630072339794865,Crystal,Eliza,
6404147172530030613,Helen,Lisa,
1738643778780843161,Hannah,Lena,
7205594500953292415,Melissa,Ervin,
3566944746627040595,Anthony,George,
3619550145763252836,Harry,Christina,
1826410348320882493,Mamie,Mathew,
4863315656125748310,Martha,Mary,
3110033507638047438,Debora,John,
2027987629429080582,Ruby,Kathryn,
7013476384033528765,Tommy,Joseph,
4688813888186044344,Wade,Stephen,
6745813336370460741,Billy,Charles,
3964980988781211419,Rodger,Michael,
5387035291382116399,Janette,Raymond,
1728436606769549253,Cindy,Connie,
5665943549457748356,Theodore,Yuki,
4139615553909806132,James,Madonna,
955542634147905560,Sharon,Samantha,
6518159877742872250,Susan,Brandon,
201601516160240476,Allison,Lois,
5076151299950187035,Matthew,Jimmy,
5490911775627494417,Thomas,James,
3374694017700590555,Robert,Wm,
2151247487267975975,Nicole,Karen,
7968564657879798687,Frederick,Tracy,
2312961257250713857,Charles,Arnold,
666190544983483486,Tammy,Troy,
2595963881418180240,Sandra,Becky,
5405038195727653788,Nancy,Michael,
6454306247051190209,Joseph,Megan,
3339516966016677802,Steven,Roger,
3474519005043060186,Jack,Caroline,
6473177755909559010,Walter,Kenneth,
4318489483066046688,Michael,Deena,
7626520717558474951,Sara,Maria,
5831054997657256309,Willis,Pablo,
409814445270417033,Gerald,Charisse,
5973576333634483141,Dennis,William,
7611526960653489806,Daniel,Lucille,
2454346644740664137,Micheal,Paulette,
5493017653330285277,Simon,Donald,
4972118076829973562,Monica,Sandra,
89107686715416636,Todd,Antonio,
5863809744218995463,Jerry,Wanda,
7881890194907373132,Roger,Josephine,
2650873349345569286,Jason,Rosemary,
3002140248016098425,Larry,Carlos,
8254753444269446307,David,George,
3189147207210095684,Gaston,Gertrude,
3476440357051059611,Mark,Gary,
547696054579388066,Tracy,Jimmy,
1717446676759466349,Andrew,Eleanor,
3936137266368820828,Maria,Mattie,
4881028012044024933,Jayme,Matthew,
5203822741534128345,Eva,Betty,
19698917897328893,Josephine,Ruby,
7495648014710870813,Earl,Susanna,
7366532491714368998,Beverly,Eldon,
3729132937591458599,Sally,Blake,
5790025393835313539,Wayne,Brett,
5193989999426089575,Paulette,Jacqueline,
2848637182192045150,Louise,Betty,
4373432362322468230,Joseph,Nelle,
2216596336464213280,Jean,Jose,
5558260793485661842,Leslie,Matthew,
3664387447322899653,Sherri,Bobby,
5743342751387818728,James,Ronald,
5510215724567890314,Dale,Walter,
2974311023959268415,Angelica,Adam,
2935293769521619745,Michael,Juan,
1825068669915502071,Thomas,Daniel,
7922374326923020778,Virginia,Martha,
102396944133318953,Stanley,Jennie,
46058533992886673,David,Agnes,
3467931662297267030,Ok,Brian,
2945168730278755469,Gerald,Daniel,
3251028288939078347,Shelley,Roland,
3021632494170731581,Sherman,Margaret,
904771412559992183,Mark,James,
6311902946011930154,Joyce,Debbie,
7717422272150243557,Dale,Elaina,
1948565244351167913,Keneth,Olive,
3200897276931738221,Misty,Kelly,
7815637343542593717,John,David,
3856367458027778869,Daniel,William,
7085801669405582881,Bonnie,Bula,
868916658315905961,Daphne,Elizabeth,
2455268457521518662,Rosemarie,Seth,
7996731357491446196,Ray,Louise,
1716444310228074883,Gloria,Margaret,
5705679618596773389,Charlene,Philip,
1450522006437321586,James,Krissy,
4934847621846406531,Lala,Carroll,
3843409721240069601,Ray,Jerry,
3989648921823083816,Carolyn,Kenneth,
6719305621303895535,Grace,James,
905850774183723660,Cheryl,Toya,
4206833214440628032,Gary,Anne,
3812057872153649770,Jim,Jason,
4148806507197716486,Jessie,Megan,
1082504925320018604,Steven,Keith,
4921488475855106626,Carol,Rebecca,
7930297587829316298,William,Doretha,
2208879382334563491,Robert,Inger,
1586768107606250663,Joseph,Julia,
4704554176682029729,Donna,Gracie,
2662139711634187508,Martin,Brett,
2988506233712575388,Bernice,Denise,
4322845495065859976,Carmon,Terri,
6320136329823216177,Sabrina,Jessica,
6725940496335149999,Carrie,Sandra,
5354736244044002039,James,Lois,
5809797753729492572,Gerry,Steven,
740725632688257828,Andrew,Kenneth,
6945575921699021161,Ashley,Donald,
7966687815659547310,Chelsea,Sandra,
1214964852651849524,Raymond,Russell,
8365982845926841232,Ira,Patricia,
1454442787775487360,Ronald,Joseph,
2684206141552123151,Timothy,Helen,
8523674072507236452,Janice,Robert,
4648178838978563241,Angela,Michael,
7602884116878203618,Roger,Roger,
3845795960572022954,James,Marie,
3616277557264682910,Douglas,Luis,
672665732951082025,Laurie,Jerome,
327456243492466537,Susan,Ruth,
3970275495317207602,Alan,Cary,
3157806315272388021,Janet,Linda,
6056386928416566279,Walter,Gregg,
7575236419991155421,George,Dolly,
3941450908095130229,Gerald,Jerry,
4541214109923095163,Lorraine,Patricia,
5891969796378104445,Danielle,Sheila,
7819727522319980914,Nellie,Eugene,
4060672835251653842,Laurie,Robert,
8476760130757975157,Catherine,James,
3980927023440253990,Johnny,Patricia,
7749315641805431105,Elizabeth,Hector,
2125165408265734815,Susan,Mathew,
7957006996615798569,Albert,Brittney,
3704992522118372418,Charles,Lynn,
8533143570954608004,Adam,Gloria,
2045350462293254808,Steven,Susan,
5255650560005397523,Ruth,Jeremy,
4308195344637629127,Merissa,Jamie,
52002467466931243,Beulah,Julie,
3697413048839797039,James,Ruby,
8297036264010078749,Franklin,David,
2829779420841751229,Trent,Farrah,
3764428205657526738,Helen,Crystal,
381897256355331831,Michael,Stephen,
3213388375515444078,Rayford,Pauline,
6264780198665837621,Evelyn,Joseph,
7051711667556968105,Jason,Gregory,
3846527479224918559,James,Sharon,
1303030986888908738,Tina,Stephen,
3825038231145183635,John,Melinda,
4827248009682561868,Frederick,James,
865861585777157441,Marcus,Pamela,
247400392693772684,Danny,Jeanette,
5975137081829441663,Franklin,Diane,
8418908568072542064,Lisa,Betty,
1554937595901365135,David,Therese,
4152709327968157292,Shelia,Aurora,
6518538037103653098,Allen,Fred,
7981776960264329489,Ray,William,
826989852345597135,Curtis,Ben,
6446946828142714673,Tyrone,Gerard,
7116436081474311767,Salvatore,Michael,
2529345315669978298,Juanita,Kathy,
6430603157449745984,Tamara,Mary,
2914427829055492170,Diane,Jason,
3468054598883521500,Felicia,Ramon,
6251450853267002671,Claude,Jackie,
4825482672626699544,Paul,Ricky,
7936368000811804765,Arlene,Albert,
4160590187220639984,Frank,Brandon,
2667784059497797197,Rudy,Keith,
1393360048417764396,Stephen,Kelly,
5346962398036667974,Benjamin,Minnie,
8181637813169319213,Andrea,Diane,
5817308039124244608,Jerry,Samuel,
8001885568328858871,Vivian,Jasmine,
4616344885388112793,Nancy,Jocelyn,
7774358148040103279,Bryce,Gloria,
7013408739063395322,Bonnie,Roman,
2559482916371550172,Lindsey,Jonathan,
5736194012395357518,Michael,Douglas,
856658021004044063,Patricia,Jessica,
1445474536132109235,Mathew,Mary,
221958200275444810,James,Leroy,
8008013126790234255,Arlene,Mark,
1559444867193613216,Arnold,William,
5397977298826885773,Stephane,Bradley,
8422629112806456311,Aretha,Rosa,
2062873862803016423,Christopher,William,
8415770997567099551,Connie,Brett,
5957925049496346196,Larry,Katherine,
523789390086184581,Robt,Ronald,
1254363923444776140,Norma,Elizabeth,
6192194337617535349,Jose,Robert,
5938838381235026948,Mildred,Joseph,
4986534458793227031,James,Ryan,
6639621227987403181,Beverly,Gary,
3424448324384031068,John,Harold,
601982458363489365,Jose,Ida,
4464931593348188572,Oscar,Rodney,
4799964633007325910,Richard,Lou,
363298518142729055,Kathleen,Christopher,
5724083612566227642,Claudine,Jennifer,
8398967244761768195,Joanne,Kevin,
7659492132147750197,Kathleen,Shane,
381366555808662436,Dwight,George,
871853497607064368,Helen,Megan,
1295644488171426267,David,James,
5451360061143899152,Arthur,Glenn,
5556835997107634279,Billie,Justin,
2152282260667381601,Linda,Josephine,
42601805545249822,Laura,Gary,
2119783751143858368,Winston,Ross,
297180768471017933,Susan,Bonnie,
7512686251240710469,Daniel,Dana,
7149864576068403665,Sherry,Dona,
141635278189258442,Holly,Phyllis,
3601653277885176138,Dianna,Betty,
5653991498917863501,Lorraine,Anna,
2059320817841124847,Nettie,Betty,
3443883333854198392,Matt,Joy,
681612127866915975,Jody,Lorinda,
8196425047814922130,Charles,Jane,
3466780692425978888,Kyle,Cynthia,
1479112241962332752,Allen,Emily,
7181071822710080675,Andrew,Christina,
520451137755041046,Hannah,Jack,
2123008366695381771,Ronald,Nellie,
8152569548882697959,Ria,John,
1010668420625369621,Allen,Bethany,
2953538164464199500,Mandy,Timothy,
704626755998207831,Kim,Roger,
4466283060557758013,Andrew,Martha,
6700113096138434652,William,Abbie,
7684182526728719230,Jenifer,Jason,
6446001455203225275,Ignacio,Felipe,
3799557263986542661,Sage,Rudolph,
1933359654327712752,Rose,Tina,
7243874717822709547,Carter,Thelma,
1086301836427653977,Gary,Eva,
1097468495741253429,Roland,Roland,
6961521309709207529,Lynn,Robert,
7610551702199593663,Geraldine,Sharon,
4370052897976340265,Jenifer,Rene,
5569777773059821729,Jeri,Micah,
3019102043659454646,Jessica,William,
7002499743699116714,Michael,Nicole,
7993726520925033233,Robert,Michael,
4466694458282641844,Jonathan,Ken,
2305363534682757266,Victoria,June,
7805799918549864827,Oliver,Carmen,
4511522165895121174,Donald,Joseph,
6464538833463361676,Sharon,Maria,
2083923441617805559,Bonnie,Ola,
4416926606287390001,Susan,George,
1602081994198846748,Barbara,Larry,
53966652110088937,Dale,Dorothy,
7957391680152554474,Anthony,Octavio,
6766319126511206882,Charles,Nichole,
3937499757841002881,Charles,Michael,
7436243584157611657,Renee,Brian,
6269744923875562345,Janet,Patricia,
4304474532622075134,Millard,Grant,
5256898727346084401,James,Marybeth,
8149840135549248809,Jude,Thomas,
5392324923703020946,Jason,Helen,
1748656296113704479,Clayton,Walter,
4555475733564391375,John,Tony,
2638392187501732065,Cody,Erin,
3637407007376321135,Clara,Lena,
2682055459484595275,Melissa,Paul,
6378120370918423769,Lawrence,Kevin,
3999595371512550818,Scott,Vernon,
7809047488722832263,Suzanne,Donna,
5542411909543007759,Henry,Randall,
3191279637743523296,Phyllis,James,
7835208696103241593,Margaret,Robert,
1967178519091919926,Jeremy,Theresa,
2340820844571293363,Audrey,Christopher,
5007349920948668104,Travis,Duane,
1747963369351518588,Jimmy,Ernest,
6106634526981761657,Lana,Barbara,
3279288233187784121,John,Karen,
6840396307117059512,Jim,Ashlee,
6000508898053988429,Jacquelyn,Jana,
5569231218706430757,Thomas,Kari,
5390637485771433918,Eugene,George,
5713118577859869122,Beverly,Richard,
1574817835958052062,Gladys,David,
6756094904895245402,George,Eva,
2906178490935781938,Myrtle,Douglas,
4225356686895810824,John,Oscar,
5581624578290105168,Diana,Brenda,
6004980926957666798,Alfonso,Sun,
764605664554515361,Erica,Christopher,
5618559276505373247,Anthony,Laura,
3306113266673320135,Hans,William,
7494163300497008346,Michael,Mary,
4642368618610907259,Sara,Debra,
1957396725302444644,David,Eric,
3098615497211361016,Elaine,Dustin,
3740135334278296072,Chad,Robert,
6999529062910436506,Heather,Stella,
4496918153963328989,Bobbie,Alfred,
621764854084838610,Fernando,Wade,
6617592134343076814,Laura,Sandra,
2194244324634437158,Malcolm,Andrew,
2802818345368592776,Keith,Michael,
1586129668703522564,Tori,Melissa,
1353510014204031486,Glenn,Martha,
1471901567545677873,Tyler,Jeffrey,
7032461791001079967,Karrie,Walker,
756728156499647621,Gregory,Justin,
1931684580375229649,Maria,Michael,
5840675874933951849,Earl,Gary,
4171069937215343415,Christine,Susan,
436960920276018989,Ana,Howard,
5613621295444300471,Ryan,Nora,
6485078066235048428,Cathy,Albertha,
8025727204238455397,Maria,Walter,
5507108803020559059,Joseph,Deborah,
3216050163624376276,Kathleen,Gregory,
1519720640687183236,Rhonda,Robert,
3077650190859283846,Julio,Etta,
6274929839075499926,Brenda,Jennifer,
6971263042457395050,Howard,Paul,
7979580678389635179,Bonnie,Zachary,
7056949340720308483,John,Raquel,
1019101265618445791,Jeffrey,Juanita,
2119492168688113851,Rodger,Marjorie,
5967323686807617089,Shaun,Candice,
8048347075733552355,Patricia,Tamika,
5821747574959057115,Deborah,Joshua,
5074304840631184981,Donna,Thomas,
6834561775990942304,Arica,Joseph,
4247585617420227113,Dorothy,Ronald,
7898693151501713399,Joe,Patricia,
7979096521699372741,David,Carl,
6065747407965370958,Kim,Lila,
6887755229740779885,Lavonne,Marilyn,
4386275610461555690,Wilbert,Margaret,
6752261891505309050,Dianne,Leonor,
6437052537780896407,Raymond,Rosa,
3242566427984502187,Roger,Michael,
2350014847381066077,Francisco,William,
1259826147029804951,Andrea,William,
5927283732231851064,Richard,Jackie,
3579288764174912378,Theresa,Christine,
3213434086280021479,Patsy,Shane,
7426158683224293276,Lynne,Pamela,
5892032333232382372,Judith,Michael,
2738407245346846437,Andre,Lisa,
319377016140457692,Henrietta,Willetta,
1623701759519618442,Douglas,Myra,
6269593702375691036,Alicia,Filomena,
5885562746314838309,Alice,Robert,
5518236226370162227,Jeffery,Brett,
5416414453179120643,Wallace,Lester,
1912030538167841953,Stella,Carey,
8276182081270426109,Essie,Harold,
1158488023424953635,Willa,Nancy,
2570402060798099380,Phillip,Shane,
5792512999937622638,Tamela,Margaret,
4021301341306150598,Jan,Julie,
1911424489095189222,Michael,Joseph,
6603457605398027014,Mark,Lisa,
5776865271298988220,Hugo,Dan,
3860290446778436219,Kenneth,Rebeca,
6999034665949125780,Jose,John,
1366313747546145949,Brian,Nicholas,
7303270646171443769,Katherine,Marlene,
3225077009463982119,Leslie,Nelda,
6719530777944247911,Judy,Mary,
3248115289098534687,Charlotte,Charla,
6094671511825028958,Richard,Saul,
764757176235271885,Patricia,James,
4077971241406525425,Teofila,James,
3496249428853412472,David,Rosanne,
1576148202392129021,Joan,Robert,
1525494449019575048,Frances,Steven,
954821159927365410,Martha,Jeannine,
5243414698539164990,Charles,Jerrold,
7299977902083625528,Amanda,Dale,
3008727880327266578,Darryl,Mary,
2441989716278413782,Robert,Katie,
237060240217124683,Helen,Victoria,
5091815272279460973,Micheal,Jon,
4936307452859674401,Lana,Steve,
7308192073956342230,Shirley,Kevin,
7428021077354302442,Timothy,Douglas,
204460797084138124,Larry,Harry,
5601601044216618613,Gregory,Max,
6942994735834284922,Carolyn,Bonnie,
4550712002184260813,Joan,Lisa,
6071817305648390533,Tony,Matilde,
3858774853192319368,Christie,Michael,
6480329436186392816,Sheldon,Cecil,
6792543971174729876,Earl,Shannon,
1026300551392920928,Michael,Heidi,
1923300048537135480,Patricia,Hazel,
3335693979081743585,Steven,Paula,
3301445089183832769,Edna,Margaret,
7703015701904715517,Louis,Marion,
1979074294321845281,James,Jessia,
4995240287504970516,Edward,Robert,
4292566447741921641,Edwin,Michael,
154664101828802249,Maria,Elsie,
7766312383911462646,John,Charles,
7854357064928600652,Annie,Carolyn,
3404989291536165363,Mary,Farrah,
5391505939533940739,Joshua,Robert,
1087414027475944032,Edwin,Cody,
3328304297482345061,Cassandra,Bruce,
3836679422594244124,Constance,Israel,
180362833246875197,Norman,Brenda,
521034004294612686,Ann,Laura,
7878857617479337184,Barbara,James,
8391651509200782258,Edith,Jan,
7795114686659726802,Michael,Phyllis,
5221924093486124956,Irvin,David,
7468123883226375031,Susie,Kelly,
7384230423718170798,Beth,Ronald,
1744079382555644600,Thomas,Ian,
510022373855358665,Myra,Karen,
6983749968178876924,Lien,Ronald,
2673130421149287697,Jackie,Jean,
8344383108295666908,Richard,David,
5797038725542656761,James,Elvis,
5876280126453807274,Erma,Kyle,
1848425349529097851,Albert,Jean,
3720927513928275626,Benito,Susan,
447578542417225898,Carla,Humberto,
8430252150256195612,Luvenia,Gordon,
3160773688426527519,Crystal,Johnathan,
342328305529040135,Charles,Richard,
3633484219241554268,Anthony,Mark,
6144142478351639965,Brenda,Andrea,
43155605573352602,Alfonso,Dennis,
4845012742323023460,Gerald,Antonette,
4852812117074721641,Ryan,Christopher,
2177513044842442664,Winston,Veronica,
1676789039655816276,Eric,Beatrice,
7374070325215078235,Daniel,Natasha,
5924522949655357983,Daniel,Annie,
5476193692228143841,Deborah,Edda,
3067224104854462694,Marcia,Mark,
5406139914553769986,Loretta,Hester,
2563599181118588516,Dorothy,William,
4993306826075412573,Cyril,Joy,
4129581051010712710,Paul,Kimberly,
3495390856867706665,John,Elizabeth,
3696093940382836178,Evelyn,Cecilia,
5342639842909300379,Karoline,Sergio,
2790843385114806989,Jeanne,Joshua,
5593685436636264605,Homer,Patricia,
7621244149336234672,Larry,Stacy,
6069643011325170467,Fernando,Carla,
7766594555066450702,Max,Brenna,
7203580847552435175,Martha,Golda,
2409599722550775683,Manuel,Jimmy,
1329610175010892707,Richard,Maria,
8296373806123557254,Rose,John,
788102076890021059,John,Salome,
4941799090760520620,Maria,Dorotha,
7698407795362571546,Frances,Thomas,
5316128601517130682,Pamela,James,
3019381953401502097,Ronnie,Henry,
2989339278031729171,Kevin,Raymond,
8246369150308655241,Carlos,Richard,
6488908105454320538,Norma,William,
7239497610729942254,Gene,Helen,
3899271372634231674,William,Patricia,
1924462573408452607,Connie,Mary,
2136527038109385566,Allen,Cathi,
4349075106804474092,William,Charles,
8455988744331370241,Ann,Paul,
4963476038454407134,Betty,Francine,
317939091206683574,Garrett,Clyde,
2589559432512486262,Robert,Judith,
5469464116918555796,Marjorie,Valencia,
1021467849005450879,Carolyn,Thelma,
4232282775571716120,Virginia,Robin,
1814248749259956685,Jonathan,Patricia,
217903383098585781,Charlotte,Angela,
4648299024511497817,Paula,Robert,
4627772524592022395,Edward,Susan,
8060657327522868823,Donna,Fred,
6119178854575953923,Mildred,Timothy,
5725113917501174597,Sherry,Lewis,
7491277852862944676,Myrtle,Roy,
3980348697858393726,Phyllis,Colleen,
3719604925778411060,Jaime,Steven,
5097402417690487714,Katherine,Juan,
2323518786494862005,Janice,Tina,
3122258824625706881,Rachel,Elton,
7449437501814961696,Stephen,Patricia,
8441141063720817971,Judith,Harriette,
6810812739798230561,Maxine,Nora,
7072109415261831023,Michael,Tammy,
1077808551419914373,Jody,Joseph,
8522063183660650315,Ginny,James,
549151008403715884,Teresa,Willie,
1968672414512293817,Scott,Jenny,
7346122034458074618,Shane,Thomas,
626582997662551414,Brian,Lindsey,
1801931515155757633,Evalyn,Ashleigh,
3870903274074233142,Mildred,Carl,
7475678359910943289,Geneva,Brooke,
8264698530760555466,Laurie,Laurence,
5373454421996379300,Kristina,David,
3668411565177394181,Mary,Eric,
7145953533023795127,Teresa,Edward,
8433349812921413458,Kathy,Brian,
5379342888267289919,Jose,William,
7412797579967119423,Henry,Barbara,
6390220417757578716,Margaret,Dennise,
8056535571138934939,Lou,Coleen,
8406817108123251649,Sherry,Rosalie,
569985369911932213,Jessica,Raymond,
4762304726513445432,Minnie,Jerry,
4388069085535760964,Anita,Stella,
6869472433453124833,Diane,Abel,
2009536482956877531,Ronald,Jan,
4826707928337989492,Sara,Robert,
8452789846889362972,Wayne,Logan,
5872905513649127998,Brian,Joan,
6577699675770631047,Howard,Betty,
2671517325041079443,Libby,Esther,
1044337339192521453,Tim,Justin,
5356927771193230610,Kevin,Emily,
7830479865364026735,Linda,Clara,
1775751147502108600,James,Nancy,
3546897040108156958,Sharon,Sheila,
6997704753235616034,Marna,Linda,
7021449039829727605,Juan,Maureen,
6983619833328300844,Lou,Jose,
7824777314066189933,Vanessa,George,
1185402777628776737,Joetta,Jeffrey,
3191579123629550132,Claudia,Linda,
4449610274967144748,Lola,Juanita,
1450070835462342525,Augustine,Mary,
5378890344953435414,Denise,Roy,
2496545793515069026,Mathew,Javier,
8530089385766183940,Stephen,Carlo,
793140023422051150,Kevin,Gary,
8454472750640356924,Gina,Omar,
8090397576654159124,Wilfred,Deborah,
8120815705510088185,Brian,William,
5605558513319759769,Alma,Ronald,
5003755075635472924,Keith,Michele,
3919054719037496950,Bradley,Megan,
4675715091837213974,Josephine,Darlene,
1606219130271535549,Roman,Mary,
5977571369050622796,Joshua,Nadia,
2542082041181741772,Dorothy,Alice,
1532483502752366871,Bonnie,Stephen,
8558313842226535300,William,Norman,
1795855143644165975,John,Francisco,
3788074235959852067,Demetrice,Rudy,
877371529437027734,John,Kevin,
4151143913254036988,Herbert,Michael,
3279820471080109726,Roger,Leslie,
3082586508237594046,Sarah,Harry,
219244451235910950,Bradley,Lauretta,
4663787519502622155,John,Mark,
6985996001209620259,Tonya,Evelyn,
85597946804744088,Douglas,Michael,
7351123708585805652,Julius,Carol,
3981368392399628078,Andrew,Justin,
8050318917073118226,Anna,Nicholas,
125129499003578014,Myrtle,Helen,
621184970071447773,Dennis,Colleen,
2301372443684298893,Sarah,Robert,
2006877426957242579,Frances,William,
2814470169003713543,Michael,Geraldine,
5131146746418763288,Alfredo,Amanda,
1295162380348447816,Bobbie,Ruth,
2893278749867364871,Thomas,Jeremy,
2491623270320932991,Cynthia,Cameron,
1366284078436785211,Robert,Jessica,
5140195590591946048,Diana,Kevin,
131530954928399257,Wayne,Mark,
7340296718376164877,Marilyn,Marilyn,
4695577387430375602,Kirstie,Malcolm,
5858176468489804965,Dennis,Marshall,
7037192304993521555,Dorothy,Robert,
4932757059521042631,Edwin,Tom,
4693672074177205708,Stephen,Danielle,
8440673546829237618,Steven,William,
3041243672952614742,Anna,Donnie,
2086242633253243994,Vince,Ronald,
2362336315946408712,Luke,Estelle,
6976725451513224034,Antonio,Timothy,
3400511676797144521,Jerry,Michael,
6471562066997091531,Cathy,William,
5057633498542350478,Janice,Stephen,
6030492986563872987,Donnie,Melissa,
6007086497641615568,Colleen,Anthony,
7734642565782354764,Tommy,James,
2893031219718687913,Tamara,Richard,
5946811860299866549,Gregory,Sandra,
2923374017404876506,Ann,Joan,
1271217258748368910,Patsy,Christine,
6622394255480537794,Lazaro,Peter,
6587074269648480410,John,Mary,
4722708699552568351,Juana,John,
2722676608093303883,Jason,Joyce,
5018364887040198837,Dale,Joseph,
3893443729463150134,Mark,Rachel,
7595069005690067671,Ted,Brenda,
3250590027045408098,Christopher,Natasha,
4097485194432772792,Daniel,Sheila,
4151281880617655224,Lydia,Ashley,
928055906120703011,Edwin,Barbara,
4606276573741355160,Robert,Andrew,
3138150729877196353,Richard,Pearl,
16884884158371357,Clifford,Isabell,
6217617050717345871,Joanna,Dorothy,
2233409790299139270,Pinkie,Steven,
7610647053636455079,Maxine,Ryan,
5688493491433706812,Rosemary,Marie,
8227777111554663470,Leslie,Bob,
8200159548519239630,Ruth,Jeffery,
4808291902305941559,Michael,Robert,
6931941634389632101,Lorene,Frances,
872619744775602389,Kyle,Gary,
6752998028637544599,Ellen,Wayne,
110999547826141523,Sanford,Kennith,
977620604544273923,Nancy,Billy,
8400622569402159593,Susan,Ryan,
4930641290880304470,Veda,Rhonda,
1459826312268051233,Mary,Monica,
1203089301376023170,Marilyn,Timothy,
1479951394020927007,Bradley,Eddie,
1545159734108340675,George,Martha,
7801891441004986769,Glenn,Julie,
6907640179162847914,Terry,Linda,
474411706459877012,Sharri,Melanie,
7883866115634118057,Sadie,Mary,
2759646405464114301,Keith,Margaret,
2943051026004517150,Shirley,Monica,
7381189022303611424,Dorothy,Charles,
1999881803061997952,Joseph,Nancy,
7948271200701973679,David,Glenda,
4860913097925199013,Vincent,Heidi,
1725802554666201862,Vincent,Leonard,
2424915921366443349,David,William,
1075389573092030845,Margaret,Frances,
931215119977671677,Margorie,Hershel,
6239351347474387882,Joel,William,
6628280905091483227,Marhta,Amy,
1674726012170542542,Karen,Lewis,
4677346545505985110,Sandra,Lillian,
8070540428126864914,Carol,Juliana,
1058171648431835290,Phillis,Jose,
1421951136972235332,James,Pauline,
1057555114749456030,David,Dianne,
2547369277437441903,Ralph,Theresa,
780038024174128564,John,Curtis,
2269617654397399597,Kim,Fanny,
5863154539053540621,Amado,Regina,
671986331799698365,Sofia,Ada,
5840262582852694727,Walter,Ashley,
7250118091772788181,Patricia,Noelle,
3822112680625552873,Robert,William,
5116249799720318807,Jorge,Bertha,
7408685941511681894,Sheryl,Bernadette,
2135907180652308394,Bobby,Lekisha,
4520130631422117592,Joan,Lucinda,
1922104759631717536,Gabriela,Don,
2178874947466475109,Jody,Carl,
283914234841524668,Susan,Michael,
5508991952660677798,Francisco,Lola,
5645634400838272482,Jennifer,Jeffrey,
4946050353277288621,Curtis,Harry,
2776449449185363662,Grady,Gene,
5651891465870135682,Judith,Tyrone,
596256479126269480,Todd,Jeana,
1398594848620163252,Evelyn,Carl,
6849577109331665226,Tara,Linda,
7324891554723316504,Juanita,Danielle,
4448765900973386449,Richard,Billy,
6916305470353681041,Santiago,Audrey,
4517796713503592126,Clyde,Corey,
2936394149943311197,Sharon,Carolyn,
4520393047737463834,Ashley,Ray,
417068880967806061,Kirk,Chelsea,
6298069656399554999,Goldie,Samual,
5104433457998920729,Shelly,Dorothy,
6650386595326509883,Michael,Anita,
8143456146553818462,Alexander,Jose,
8388160871348297219,Arthur,Rosa,
8561504957403371976,Terry,Albert,
2967279219425944195,Harry,Cassie,
40775024161620041,Wendy,Amparo,
6218371391712705304,Larry,Kristie,
4682047346242575047,Melvin,Kaila,
7338890001654382804,Tiana,David,
7930001710924107011,Neda,Rosa,
4230776474879360092,Elizabeth,Jose,
3967006622003517636,Dawn,Julia,
1032124346685064223,Lisa,Albert,
389911583820639218,Elizabeth,Michelle,
3190731034593653170,Shawn,Amelia,
2598334124177761391,Lora,Hunter,
7525300272429909236,Rosalie,Steve,
3797932977180325528,Wayne,Lucy,
6682695073017294871,Judith,Beverly,
2192940685679690858,James,John,
6532853909721170423,William,Mary,
7265764134799199351,Juan,Toni,
1314054239292686390,Virginia,Eddie,
420790311768471286,Charles,Richard,
4071556517377317649,Elaina,Richard,
7394203510072101002,Harrison,Caroline,
5895562660352012173,Daniel,Charles,
2214419644528033443,Kimberly,Robert,
2379960774046993420,Earl,Nancy,
7756236777975607184,Jamie,Matthew,
7240013939966302773,Vern,Peter,
5711417554387940779,Kevin,Alan,
1411757662480182229,Anthony,Jesse,
1038111867644991363,Mary,Timothy,
3232294288556103384,Harry,Rhoda,
7253269036155447900,Denise,Paul,
1169663989004934347,George,Edda,
569643043848936979,Gabriel,Alexander,
1579179109312354777,Joseph,Lynn,
7935159901073498367,Debra,Janice,
6024444297743650015,Jonathan,Christine,
5903043640246531962,Constance,Evan,
2434791998185172402,Rosemary,Tracy,
4955581072950514848,Floyd,Barry,
612008177365767836,Gerald,Ernest,
1011159829881104615,Eva,Nellie,
3684270427029556185,Richard,Andrew,
424769885811026994,Donna,Evelyn,
3059967906906063490,Ruth,Elizabeth,
2674931862174745567,Gregg,Stella,
6987636736512109234,Leo,Chad,
4225793513139920878,David,Keneth,
6233012607727762911,Walter,Alberta,
5517881717656483116,Steven,Christopher,
3783158036113935265,Tiffany,Georgia,
4285842912778505173,Thomas,Joan,
3086698703548681841,Carla,Crystal,
2641359859961427044,Megan,Edward,
973200939393009276,David,Ann,
6359734633609226168,Bruce,Ada,
5498583854810860776,Anthony,Margaret,
3813175810248182441,Brian,Kari,
5875099256617412635,Erin,Lyle,
4759617073743027335,Howard,Henry,
628510696967861567,Marie,Pam,
903088017797900454,Jessie,Theresa,
5152893272086153573,Michael,Omer,
6762690281273740480,Lucille,Joey,
6047133545566379411,Denice,Michael,
8097786740866460673,Felix,Edward,
4285823563358978588,Natalie,Kathleen,
107797374864392018,Claire,Odelia,
1821894111975383468,Daniel,David,
7908511614096546572,Dorothy,Wilbert,
4366759882388268783,Mary,Millard,
6952322767569648723,Lori,Dana,
4530004033640762517,Glen,Ernesto,
1929172673585452783,Despina,Vincent,
6265600155112283347,Diana,Leslie,
3593755157793555285,Joe,Margaret,
2422974999422277311,Frank,David,
4177145225163414581,Margie,Austin,
6689940993689380886,Anthony,Henry,
3251749001056157564,Frank,Joseph,
8105132374054428926,Amanda,Irene,
1626391339848059400,Stella,John,
2342981211412061742,Sheila,Kieth,
5408607289965527115,Nathanial,Gregory,
6245420892532240558,Daniel,Ronald,
253902883495940829,Mauro,Lillian,
4695179464977192352,Robert,Lauri,
2749078346097844377,Jennifer,Jonathon,
5752908563511013994,Megan,Justin,
5397374760082993702,Jody,Kimberley,
4833623643868252526,Matthew,David,
1720530918682473365,Manuel,Edward,
3641091735230953341,Michael,Lisa,
5843084144497782838,Kimberly,Bennie,
3021444689658555360,Clark,Nathan,
7885266840615435557,James,William,
4786114718465264194,Dennis,Tyler,
4176700319951321944,Salvador,Lady,
8423446908962588566,Otto,Gemma,
5265839616031434711,Willie,Vincent,
5436192993605193886,George,Alicia,
4323333884443893438,Debbie,Maria,
5700613863196996189,Catherine,Clinton,
2611898332612560513,Billy,Roscoe,
1559927966223656144,Austin,Barry,
292607522719587739,Regina,Denise,
6604228107937033058,Rebecca,Stephen,
3074914611005371159,Dorothy,Terry,
7478900765808718546,David,William,
379827471224014270,Minnie,Teresa,
1022427995383993386,Linda,Samantha,
116724276616213763,Becky,Mark,
7332595182895081282,Chad,Russell,
6226417256194520345,Michael,Jane,
1001781222192036777,Herbert,Ella,
6965333665516700605,Paul,Nicolasa,
7374752117405024312,Katie,Antonio,
1166000864995331917,Hester,Daron,
1638067807962747540,Marie,Brittney,
3417894657816767492,Christopher,Ryan,
6968578154636993816,John,Thomas,
3735062983479536287,Christine,Robin,
3186341512995962682,Benito,Patricia,
5964786318236868868,Alice,Lauren,
3771045515086774734,Reva,Louise,
3123507273870540478,Melissa,Rosie,
4484693281758985460,Janice,Paul,
2452823614986305885,Archie,Mary,
5721588739255510341,Christopher,Samuel,
7798036560645524287,John,Harold,
8402767712760664000,Nicola,Eugene,
7818575398421451308,Warren,Susan,
3727382987579644986,Diane,Keith,
2767783195770793465,David,Odis,
3125560678882732029,Anna,Christopher,
6292650020663396642,Paul,Lance,
4325143230157929391,Terry,Walter,
33694332995094300,Kevin,Kimberly,
325620034023142064,James,David,
7119256461917390513,Cindy,Rebecca,
1283857666064978448,Louis,Deborah,
6732243220431309199,Barbara,David,
5976456544352854847,Kathrine,Linda,
155533694192522829,Michael,Rose,
1348295807902044675,Kelly,Craig,
4845034892835872176,Natalie,Anthony,
8223989252236512046,Adam,Heather,
4245811075560046513,Cynthia,Virginia,
5058358023800488323,Heather,Brian,
5842160388754422110,Charles,Johnny,
3261889711762209752,Rita,Deirdre,
2411747347929759,Gary,James,
6941757315367788350,Lawrence,Erma,
585417212851563986,Aida,Leona,
6655525068594174260,Roy,Dennis,
5375254712872125994,Therese,Randall,
741525256111124650,Deborah,Sudie,
3122637955248705455,Candice,Sanford,
132426329513538319,Robert,Steven,
1558521152889152125,Bernice,Rosario,
1482159013132678093,Charles,Nikki,
5154363994554684456,Trudy,Sonia,
3556387794700293755,Susana,Wendell,
1950577570260561313,John,Donald,
6450894867806845091,Donna,James,
3061652975583209694,Thomas,Stephen,
1925175449869824870,Cindi,Alvin,
989529172454945986,Emmanuel,Marvin,
6619589383909799639,Hannah,Regina,
918478129027830610,Ernestine,Linda,
6317625751115931465,Donna,Jenna,
3314805017925271097,Todd,Francisco,
6382252486464582095,Ashley,Helen,
6295506434907387118,Jennifer,Elbert,
2521142350140282682,Laura,Mary,
3549719751747946353,Sheena,Joshua,
5584915004171224758,Dorothy,Donald,
3686004668020204923,Tyler,David,
7974242485933765057,Richard,Nigel,
4975079457982916306,Sherry,Robert,
188402827811548176,Garrett,Edward,
4367391078200428978,Denise,Josh,
5430574639707702252,Walter,Diane,
8441843604003695086,Tony,Jeffrey,
3979476934140790906,Ralph,Sharon,
7174132593664559055,Robert,David,
4732265247632563701,Marie,Robert,
4204384881533548144,John,Patricia,
1859020466567391543,Glenda,Elizabeth,
6009247298712092619,Kim,Guadalupe,
4878767928219477973,Russell,Micheal,
7587696012168186176,Robert,Diana,
6652591607356889577,Frances,Jean,
678856245736955399,Jeannette,Virginia,
5886110411558235395,Robert,Kevin,
6212009309472056405,Mindy,Jennifer,
2725284369047406068,Joe,Roy,
689748565850506224,Debra,Michael,
1749402610030738151,Scott,Nilsa,
5207027379538601564,Timothy,Roosevelt,
7824629211427182177,Karin,Kevin,
1773725546868746421,Jason,Velda,
3936457612405645640,Nola,Minnie,
657161328934736466,James,Brent,
3623780984736113440,Dean,James,
2278616793649337120,Mary,Donna,
5912551648722127624,Kristina,Cynthia,
6880583045703392413,Ralph,John,
2151410170050890854,Rashad,Tammy,
5787613967320573409,Randolph,Michele,
1863790480539404935,Brian,Preston,
6260085158951141878,Morgan,Tyler,
3453121320225272365,John,Edith,
5076623662494226236,Alba,Lloyd,
2209937835855986303,Jerry,Miriam,
282884997719529855,Tracy,David,
8468874003297653613,Alex,Veronica,
5367312667360305330,William,Donald,
7643784883786149556,Eileen,Allen,
4130355772163620417,Kris,Paula,
5701776027787775419,Emma,Ramon,
5010815817177419719,Tiffany,Anthony,
41965462139296573,Nicole,Jose,
3188016138998503027,Benjamin,Tim,
5012386685379997064,Mary,Michael,
814393841082271199,Andrew,David,
7141111852672175324,Cecil,Gordon,
3861327107051057012,Melinda,Dominick,
3848523236358913586,Stella,Sallie,
1788119631546747200,Portia,Shelly,
8086070253148397392,Joseph,Melanie,
5365039405932702682,Cynthia,Ola,
8436569168205743989,Dwayne,Susan,
1896691842147626655,Cheryl,Edward,
141074118497460520,Donald,Tim,
2772718409690643751,Larry,Jeanne,
1607514250027851750,Bonnie,Evelyn,
1167899920939800384,Theodore,Guy,
6257906790127222290,Patricia,Thomas,
4066305502713273734,Jeffrey,Robert,
843948208942408928,James,Harold,
5539611723548670430,Janelle,David,
2234212947717513399,Josh,Keith,
6519675972042824248,Seth,Brittney,
4852772089169603324,Helen,Mariam,
3505241980354119904,Christina,Keith,
2564705177962291998,Karen,Christopher,
1928169995385184188,John,Quincy,
2875109785178974671,Deana,John,
1540134370837197148,Annie,Jacob,
2232521986206707573,Carl,James,
2372233352648349383,Frances,George,
2163560714503434880,Chad,Tom,
7291775992472579229,Dave,Hannah,
8422014808677592663,Gerald,Charles,
4674384223596506196,Todd,Jose,
1225216207679159897,Michael,Edward,
5059638060984637917,Sue,Mildred,
2617555798255136688,Rodney,Jerold,
3703086591505071833,Lee,James,
7357759294320430728,Bryon,John,
5662867291459847424,Andres,Elsie,
6199587025679260497,Rita,Joel,
8014425381538964204,Kathryn,Pamela,
6416324502565144275,Fredrick,May,
1283430067203736770,Christopher,Mary,
5055992499652610413,Crystal,Melanie,
6282012716753757579,David,Yolanda,
3573231563352152278,Paula,John,
1678337197239621719,Ross,Grant,
5651354459309906041,Alyssa,George,
6030726736174702768,Freddie,Anne,
4275498118639300276,Janet,Mary,
6370229753173116666,Scott,Jacqueline,
5421438630622333536,Phillip,Pamela,
7926996124833645822,George,Anna,
6642878306686394559,Frederick,Joey,
6218555647661853271,Gabriel,Lindsey,
3924865569966824052,Ronnie,Forrest,
4472465741302502623,Verna,Vickey,
2237296002293623499,William,Eileen,
4709349927032592809,Diane,Jonathan,
4129497121302239376,Julia,Julian,
8269857808889884407,Tammy,Paulette,
3089473724627925696,Robert,Miles,
5794576502769743148,Gladys,James,
3445163377799126080,Vickie,Florine,
7105663069604294978,Vicki,Mary,
3525326644812396710,Beverly,Kenneth,
3142949394512543586,Emily,Lucille,
4900866685237560172,Paul,Kimber,
3390990257302273117,Kirsten,Carylon,
2093125253188864017,Rosa,Sarah,
1431764661641678869,Brandon,Carly,
4944589919915065544,Genevieve,Dawn,
7413882523959441119,Tommy,Gregory,
1374604383618554432,Sarah,Michael,
1172175349196575647,Lori,Beverly,
4387481830797606206,Ferne,Marlene,
1102942257481141312,Susan,Mary,
3169076326132457720,Angelica,Charles,
6221764171788083637,Fred,Carlos,
7624540515588487474,Samantha,Venita,
4549588171283552394,Charlotte,Avis,
7294939389869500806,Tammy,Margie,
5398385565524690155,Patricia,Hattie,
674413161964680508,Christopher,David,
5536662244458243181,Ramona,Ann,
5213456728566068579,Richard,May,
449750086045282552,Eric,Mabel,
665072411768839341,Richard,Sean,
8323928820508646899,Stanley,Melinda,
3508834924239849919,Andy,Joseph,
2426920364590920692,Charmaine,Debbie,
4421447540210164990,Charles,Erin,
8010867147915916285,John,George,
6271755733523486039,Sarah,Domingo,
4788050015598232916,Joyce,Marsha,
184988256723969334,Rebecca,Clarence,
4605075749748159797,Annice,Brian,
6400719482255388127,Luna,Janice,
1280560914487725706,Sally,Maurice,
184982215569785652,Amy,Grace,
1148523885005104327,Louis,Russell,
1216339877794332268,Stacy,Mitzi,
6102118465747408560,Karen,Antonio,
1446818816479804949,Judith,Margaret,
3570956483161253341,Susan,Matthew,
7815020482220271632,Alda,Shelly,
8376217732363010968,Donna,Dewayne,
230029816723934858,Raul,Howard,
4207230219096850927,Michelle,Wendy,
2986679873134083793,Martin,Tracie,
216509119259932911,Sandra,Luther,
2087347236598362216,Fred,William,
5539376656205622351,Kenneth,Michael,
3511365339766526790,Milton,Joseph,
6193588293128392951,Kerri,Lorenzo,
8450460740632257682,Ronald,Mark,
6515269839615799749,Dan,Gail,
2736006076940887001,Karen,Michael,
5472247734287319610,Helen,Jerry,
7867345516408976224,Norma,Moises,
1136677306065008843,Amy,Susan,
5957268167142950008,Walter,Nicholas,
8512518962672189395,Whitney,Neil,
1602601783477153105,Jennifer,Douglas,
4847552537363082316,Carol,Janice,
4806079083646763906,Andrew,Josie,
1462302909811325139,Alan,Raymond,
5391673795812064632,Harry,James,
1518905496859278788,Blair,Tamara,
282508944243303926,Ashley,Tamara,
168125133046759645,Virginia,Phyllis,
5757673546168002445,Craig,Randy,
1008264532271401277,James,Robert,
2544841432653272876,Richard,Paul,
7746713243458193650,Rocky,Karen,
7480869345256795025,Duane,Harley,
5272119631448245260,Debbie,Dorothy,
2794609763743840512,George,Julie,
2735741606966794462,Susan,Nilda,
4430838097905051308,Starr,Franklin,
8154910736552847568,Angela,Simon,
7912894815777240003,Flora,Pamela,
5334081385927061785,Thomas,Thomas,
3106190358901947770,Paula,Ruben,
4877791427187490249,David,Betty,
3492433842621448144,Leslie,Jackie,
4779356905230799351,Carol,Sherry,
466248139170000077,Shellie,Richard,
8099967240834178664,Kesha,Robert,
3755420791164744983,Melody,Bessie,
6637899172636168786,Alicia,Maria,
6998552664859536937,Lula,Edward,
2103783166060612223,Allison,Kevin,
2768142330389260227,Demarcus,Ann,
4553991406179057045,Angelyn,Joyce,
5862992007434948408,Catherine,Lisa,
222252498141002419,Gloria,Delores,
4330366625096447207,Margaret,Vivienne,
3967467982392085964,Rachel,Dorothy,
4374359357200027450,Phil,Douglas,
520090205864245984,Luke,James,
1891574205820005899,Mark,Paul,
2279082735710182455,Audrey,John,
250443550858074803,Grover,Mildred,
2838825904461009319,Suzanne,George,
2067569930674126765,Phyllis,David,
5864050568693570179,Jane,James,
4627576819592770886,Kathleen,Erma,
6721737262330439972,Keitha,Matthew,
6927842947064555848,Jason,James,
8366400982401258042,Rene,Joanne,
953982010820058112,Constance,Amanda,
1049988439730362672,Brian,Robin,
5418663019366919433,Mary,Jason,
4635707495409980224,Helen,Clifford,
3477731331460014409,Ernie,Horace,
2100772384754444588,Rogelio,Sally,
5850343751182113040,Estella,Samuel,
7388269688238871717,Inez,Eileen,
4014442289946494366,Ted,Jessica,
8325800312326804084,Marianne,Elizabeth,
4845782774257141445,Jody,Gladys,
6580576813453813022,John,Eleanor,
5141585062404718084,James,Rita,
2850534887549549207,Ruth,Teresa,
2396163417708494342,Christopher,James,
7054828011913133861,Susana,Gregory,
1989709580290048658,Eric,Suanne,
5154649495882701650,Florence,David,
1125274041641670646,Reyes,Madlyn,
4883957810538270485,Jamison,Carolyn,
6168274874527073597,Drusilla,Sheryl,
5900178929943310224,Norris,Evelyn,
5790166448577922347,Zelma,Lewis,
3239517716577280229,Kathy,Robert,
2644701164461339160,John,Margaret,
336386414389002696,Samuel,Tom,
323004240751085354,Daniela,Mary,
7191787727063788287,Jane,Beverly,
7486976722877570926,Christina,Patrick,
4993153794813030113,Theresa,David,
588587066584408536,David,Curtis,
5405528649038612665,Minnie,Callie,
2179355118183084127,Evelyn,Estelle,
3692433970615305395,Catherine,Selina,
7324545741122349890,Anna,Rachel,
6405905062224493328,Jessica,Lisa,
1016628498110991870,Jeffrey,Coleman,
7049704336249478517,Mark,Adam,
1382432204044591355,James,Eddie,
3404005425623099509,John,Dora,
47446226102401405,Gordon,Edmund,
6231549871028952334,Jerry,Patricia,
700441391880648305,Alice,Richard,
7917722884110352475,Timothy,Cindy,
5125049235503831600,Trang,Allison,
8312844266596786266,Helen,Ronald,
4948481760940227603,Hugh,Candy,
8086766969529622443,Donald,Bradley,
956592878113577357,Thomas,Mary,
8380177366590026221,James,Joseph,
6114192487013937706,Reuben,Betty,
8040181572183860973,Linda,James,
1588170686891572868,Kelsie,Ruth,
5899335939564832751,Jim,Lana,
246552123056556299,Milton,Gladys,
7324531095179242317,Evelyn,Susan,
7010732295916527957,Lula,Charles,
1128680598275252622,Peter,Gene,
